"Source:";"C:\Users\Maxii\Documents\HKA\Projekt\CAN_Transceiver_Board\CAN_Transceiver_Board.kicad_sch"
"Date:";"15.01.2024 21:50:02"
"Tool:";"Eeschema 7.0.9"
"Generator:";"C:\Program Files\KiCad\7.0\bin\scripting\plugins/bom_csv_grouped_by_value_with_fp.py"
"Component Count:";"53"
"Ref";"Qnty";"Value";"Cmp name";"Footprint";"Description";"Vendor";"DNP"
"C1";"1";"4.7uF";"C";"Capacitor_SMD:C_0805_2012Metric_Pad1.18x1.45mm_HandSolder";"Unpolarized capacitor";"";""
"C2";"1";"4.7uF";"C";"";"Unpolarized capacitor";"";""
"C3; C5";"2";"10uF 35V";"C_Polarized";"SamacSys_Parts:EEE1AA220WR";"Polarized capacitor";"";""
"C4; C6; C8; C11; C15";"5";"100nF";"C";"Capacitor_SMD:C_0805_2012Metric_Pad1.18x1.45mm_HandSolder";"Unpolarized capacitor";"";""
"C7";"1";"1uF";"C";"Capacitor_SMD:C_0805_2012Metric_Pad1.18x1.45mm_HandSolder";"Unpolarized capacitor";"";""
"C9; C10; C13; C14";"4";"100pF";"C";"Capacitor_SMD:C_0805_2012Metric_Pad1.18x1.45mm_HandSolder";"Unpolarized capacitor";"";""
"C12";"1";"4;7nF";"C";"Capacitor_SMD:C_0805_2012Metric_Pad1.18x1.45mm_HandSolder";"Unpolarized capacitor";"";""
"C16";"1";"10uF 16V";"C_Polarized";"Capacitor_SMD:CP_Elec_4x5.4";"Polarized capacitor";"";""
"D1";"1";"ESDCAN03-2BWY";"ESDCAN03-2BWY";"SOT65P210X110-3N";"ESD Suppressors / TVS Diodes Automotive dual-line Transil; Transient voltage suppressor (TVS) for CAN bus";"";""
"D2";"1";"LED_ext_green";"LED";"LED_SMD:LED_0603_1608Metric";"Light emitting diode";"";""
"D3";"1";"LED_green";"LED";"LED_SMD:LED_0603_1608Metric";"Light emitting diode";"";""
"D4";"1";"LED_red";"LED";"LED_SMD:LED_0603_1608Metric";"Light emitting diode";"";""
"D5";"1";"LED_blue";"LED";"LED_SMD:LED_0603_1608Metric";"Light emitting diode";"";""
"F1; F2";"2";"2920L125PR";"2920L125PR";"FUSC7451X100N";"Resettable Fuses - PPTC 1.25A 15V 2920";"";""
"FL1";"1";"ACT45B-101-2P-TL003";"ACT45B-101-2P-TL003";"ACT45B1012PTL003";"Common Mode Filters / Chokes; |Z|=5800 at 10MHz; L x W x T :";"";""
"H1; H2; H3; H4";"4";"MountingHole";"MountingHole";"MountingHole:MountingHole_3.2mm_M3_Pad_TopBottom";"Mounting Hole without connection";"";""
"IC1";"1";"LDL1117S33R";"LDL1117S33R";"SOT230P700X180-4N";"STMICROELECTRONICS - LDL1117S33R - LDO; FIXED; 3.3V; 1.2A; SOT-223-3";"";""
"IC2";"1";"LDL1117S50R";"LDL1117S33R";"SOT230P700X180-4N";"STMICROELECTRONICS - LDL1117S33R - LDO; FIXED; 3.3V; 1.2A; SOT-223-3";"";""
"J1";"1";"Conn_01x02";"Conn_01x02";"Connector_PinHeader_2.54mm:PinHeader_1x02_P2.54mm_Vertical";"Generic connector; single row; 01x02; script generated (kicad-library-utils/schlib/autogen/connector/)";"";""
"J2";"1";"Conn_02x03_Top_Bottom";"Conn_02x03_Odd_Even";"Connector_PinHeader_2.54mm:PinHeader_2x03_P2.54mm_Vertical";"Generic connector; double row; 02x03; odd/even pin numbering scheme (row 1 odd numbers; row 2 even numbers); script generated (kicad-library-utils/schlib/autogen/connector/)";"";""
"J3";"1";"PJ-102BH";"PJ-102BH";"PJ-102AH";"DC Power Connectors Power Jacks";"";""
"J4";"1";"09661536612";"09661536612";"09661536612";"D-Sub 9pin female angled 2.84mm pitch; stamped; with board locks; 4-40UNC; PL2";"";""
"J5";"1";"Pins_links";"Conn_01x22_Socket";"Connector_PinHeader_2.54mm:PinHeader_1x22_P2.54mm_Vertical";"Generic connector; single row; 01x22; script generated";"";""
"J6";"1";"Pins_rechts";"Conn_01x22_Socket_1";"Connector_PinHeader_2.54mm:PinHeader_1x22_P2.54mm_Vertical";"Generic connector; single row; 01x22; script generated";"";""
"JP1; JP3; JP5";"3";"Jumper_2_Open";"Jumper_2_Open";"Connector_PinHeader_2.54mm:PinHeader_2x01_P2.54mm_Vertical";"Jumper; 2-pole; open";"";""
"JP2";"1";"Jumper_V3.3_ext";"Jumper_2_Open";"Connector_PinHeader_2.54mm:PinHeader_2x01_P2.54mm_Vertical";"Jumper; 2-pole; open";"";""
"JP4";"1";"Jumper_3_Open";"Jumper_3_Open";"Connector_PinHeader_2.54mm:PinHeader_1x03_P2.54mm_Vertical";"Jumper; 3-pole; both open";"";""
"R1; R2; R3; R4";"4";"1k";"R";"Resistor_SMD:R_0805_2012Metric_Pad1.20x1.40mm_HandSolder";"Resistor";"";""
"R5; R6";"2";"59";"R";"Resistor_SMD:R_0805_2012Metric_Pad1.20x1.40mm_HandSolder";"Resistor";"";""
"R7; R8; R9; R10";"4";"R";"R";"Resistor_SMD:R_0805_2012Metric_Pad1.20x1.40mm_HandSolder";"Resistor";"";""
"U1";"1";"SN65HVD233";"SN65HVD233";"Package_SO:SOIC-8_3.9x4.9mm_P1.27mm";"CAN Bus Transceiver; 3.3V; 1Mbps; Loopback feature; SOIC-8";"";""
"U2";"1";"ESP32-S3-DevKitC";"ESP32-S3-DevKitC_1";"Espressif:ESP32-S3-DevKitC_25mm";"ESP32-S3-DevKitC";"";""
