Ref;Val;Package;PosX;PosY;Rot;Side
"C1";"4$7uF";"C_0805_2012Metric_Pad1$18x1$45mm_HandSolder";125$500000;-77$250000;90$000000;top
"C2";"4$7uF";"C_0805_2012Metric_Pad1$18x1$45mm_HandSolder";106$750000;-88$250000;180$000000;top
"C3";"n$b$";"C_0805_2012Metric_Pad1$18x1$45mm_HandSolder";130$500000;-81$750000;90$000000;top
"C4";"n$b$";"C_0805_2012Metric_Pad1$18x1$45mm_HandSolder";106$750000;-96$750000;0$000000;top
"C5";"10uF 35V";"EEE1AA220WR";119$500000;-79$250000;-90$000000;top
"C7";"10uF 35V";"EEE1AA220WR";108$000000;-79$500000;-90$000000;top
"C9";"100pF";"C_0805_2012Metric_Pad1$18x1$45mm_HandSolder";137$750000;-96$750000;180$000000;top
"C10";"1uF";"C_0805_2012Metric_Pad1$18x1$45mm_HandSolder";141$750000;-109$250000;180$000000;top
"C11";"100nF";"C_0805_2012Metric_Pad1$18x1$45mm_HandSolder";141$750000;-106$750000;180$000000;top
"C12";"100pF";"C_0805_2012Metric_Pad1$18x1$45mm_HandSolder";145$500000;-83$000000;0$000000;top
"C13";"100pF";"C_0805_2012Metric_Pad1$18x1$45mm_HandSolder";137$250000;-106$750000;0$000000;top
"C14";"4;7nF";"C_0805_2012Metric_Pad1$18x1$45mm_HandSolder";138$750000;-82$000000;-90$000000;top
"C15";"100pF";"C_0805_2012Metric_Pad1$18x1$45mm_HandSolder";142$750000;-96$750000;0$000000;top
"C16";"100pF";"C_0805_2012Metric_Pad1$18x1$45mm_HandSolder";135$000000;-83$000000;180$000000;top
"C17";"100nF";"C_0805_2012Metric_Pad1$18x1$45mm_HandSolder";119$500000;-87$500000;-90$000000;top
"C18";"10uF 16V";"CP_Elec_4x5$4";114$250000;-87$750000;180$000000;top
"D1";"ESDCAN03-2BWY";"SOT65P210X110-3N";140$150000;-93$700000;90$000000;top
"D2";"n$b$";"SOT65P210X110-3N";140$250000;-72$750000;-90$000000;top
"D3";"LED_ext_green";"LED_0805_2012Metric_Pad1$15x1$40mm_HandSolder";106$750000;-62$000000;180$000000;top
"D4";"LED_green";"LED_0805_2012Metric_Pad1$15x1$40mm_HandSolder";166$000000;-66$500000;180$000000;top
"D5";"LED_red";"LED_0805_2012Metric_Pad1$15x1$40mm_HandSolder";166$000000;-63$500000;180$000000;top
"D6";"LED_blue";"LED_0805_2012Metric_Pad1$15x1$40mm_HandSolder";166$000000;-60$500000;180$000000;top
"F2";"2920L125PR";"FUSC7451X100N";115$750000;-71$000000;0$000000;top
"J1";"5V_Header";"PinHeader_2x03_P2$54mm_Vertical";111$475000;-93$475000;0$000000;top
"J2";"12V_TP";"PinHeader_1x02_P2$54mm_Vertical";114$225000;-65$500000;90$000000;top
"J3";"PJ-102BH";"PJ-102AH";112$200000;-58$000000;0$000000;top
"J4";"09661536612";"09661536612";133$920000;-67$720000;180$000000;top
"J5";"TP2_CAN";"PinHeader_1x04_P2$54mm_Vertical";157$500000;-73$700000;0$000000;top
"J6";"Pins_links";"PinHeader_1x22_P2$54mm_Vertical";123$000000;-86$202720;0$000000;top
"J7";"Pins_rechts";"PinHeader_1x22_P2$54mm_Vertical";157$500000;-86$182720;0$000000;top
"JP1";"Jumper_2_Open";"PinHeader_2x01_P2$54mm_Vertical";106$500000;-69$225000;-90$000000;top
"JP2";"Jumper_V3$3_ext";"PinHeader_2x01_P2$54mm_Vertical";113$750000;-80$475000;-90$000000;top
"JP3";"JP1_Term";"PinHeader_2x01_P2$54mm_Vertical";146$250000;-74$475000;-90$000000;top
"JP4";"JP2_Term";"PinHeader_2x01_P2$54mm_Vertical";132$000000;-74$475000;-90$000000;top
"R1";"5k";"R_0805_2012Metric_Pad1$20x1$40mm_HandSolder";125$500000;-81$750000;90$000000;top
"R2";"10k";"R_0805_2012Metric_Pad1$20x1$40mm_HandSolder";106$750000;-91$250000;0$000000;top
"R3";"0";"R_0805_2012Metric_Pad1$20x1$40mm_HandSolder";123$000000;-73$000000;0$000000;top
"R4";"27k";"R_0805_2012Metric_Pad1$20x1$40mm_HandSolder";128$000000;-81$750000;90$000000;top
"R5";"10k";"R_0805_2012Metric_Pad1$20x1$40mm_HandSolder";106$750000;-94$000000;0$000000;top
"R6";"1k";"R_0805_2012Metric_Pad1$20x1$40mm_HandSolder";136$250000;-110$000000;90$000000;top
"R7";"1k";"R_0805_2012Metric_Pad1$20x1$40mm_HandSolder";145$250000;-104$250000;180$000000;top
"R8";"1k";"R_0805_2012Metric_Pad1$20x1$40mm_HandSolder";145$250000;-99$250000;180$000000;top
"R9";"1k";"R_0805_2012Metric_Pad1$20x1$40mm_HandSolder";135$000000;-99$250000;0$000000;top
"R10";"59";"R_0805_2012Metric_Pad1$20x1$40mm_HandSolder";141$250000;-76$500000;0$000000;top
"R11";"1k";"R_0805_2012Metric_Pad1$20x1$40mm_HandSolder";136$250000;-79$000000;180$000000;top
"R12";"59";"R_0805_2012Metric_Pad1$20x1$40mm_HandSolder";136$250000;-76$500000;180$000000;top
"R13";"2;7k";"R_0805_2012Metric_Pad1$20x1$40mm_HandSolder";141$250000;-79$000000;0$000000;top
"R14";"390";"R_0805_2012Metric_Pad1$20x1$40mm_HandSolder";106$750000;-64$750000;180$000000;top
"R15";"680";"R_0805_2012Metric_Pad1$20x1$40mm_HandSolder";160$500000;-66$500000;0$000000;top
"R16";"680";"R_0805_2012Metric_Pad1$20x1$40mm_HandSolder";160$500000;-63$500000;0$000000;top
"R17";"330";"R_0805_2012Metric_Pad1$20x1$40mm_HandSolder";160$500000;-60$500000;0$000000;top
"U1";"SN65HVD233";"SOIC-8_3$9x4$9mm_P1$27mm";140$000000;-101$750000;90$000000;top
"U2";"ESP32-S3-DevKitC";"ESP32-S3-DevKitC_25mm";127$403680;-86$202720;0$000000;top
