ID;Bezeichner;Footprint;St�ckzahl;Bezeichnung;Anbieter und Referenz
1;C13,C9,C16,C15,C12;C_0805_2012Metric_Pad1.18x1.45mm_HandSolder;5;100pF;
2;H1,H2,H4,H3;MountingHole_3.2mm_M3_Pad_TopBottom;4;MountingHole;
3;R9,R11,R6,R8,R7;R_0805_2012Metric_Pad1.20x1.40mm_HandSolder;5;1k;
4;C2,C1;C_0805_2012Metric_Pad1.18x1.45mm_HandSolder;2;4.7uF;
5;J5;PinHeader_1x04_P2.54mm_Vertical;1;TP2_CAN;
6;C3,C4;C_0805_2012Metric_Pad1.18x1.45mm_HandSolder;2;n.b.;
7;J4;9661536612;1;9661536612;
8;R2,R5;R_0805_2012Metric_Pad1.20x1.40mm_HandSolder;2;10k;
9;R4;R_0805_2012Metric_Pad1.20x1.40mm_HandSolder;1;27k;
10;R10,R12;R_0805_2012Metric_Pad1.20x1.40mm_HandSolder;2;59;
11;J3;PJ-102AH;1;PJ-102BH;
12;D6;LED_0805_2012Metric_Pad1.15x1.40mm_HandSolder;1;LED_blue;
13;F2,F1;FUSC7451X100N;2;2920L125PR;
14;R3;R_0805_2012Metric_Pad1.20x1.40mm_HandSolder;1;0;
15;JP2;PinHeader_2x01_P2.54mm_Vertical;1;Jumper_V3.3_ext;
16;R14;R_0805_2012Metric_Pad1.20x1.40mm_HandSolder;1;390;
17;C11,C17,C6,C8;C_0805_2012Metric_Pad1.18x1.45mm_HandSolder;4;100nF;
18;D2;SOT65P210X110-3N;1;n.b.;
19;R1;R_0805_2012Metric_Pad1.20x1.40mm_HandSolder;1;5k;
20;J1;PinHeader_2x03_P2.54mm_Vertical;1;5V_Header;
21;C5,C7;EEE1AA220WR;2;10uF 35V;
22;C14;C_0805_2012Metric_Pad1.18x1.45mm_HandSolder;1;4,7nF;
23;U1;SOIC-8_3.9x4.9mm_P1.27mm;1;SN65HVD233;
24;C10;C_0805_2012Metric_Pad1.18x1.45mm_HandSolder;1;1uF;
25;D5;LED_0805_2012Metric_Pad1.15x1.40mm_HandSolder;1;LED_red;
26;JP3;PinHeader_2x01_P2.54mm_Vertical;1;JP1_Term;
27;U2;ESP32-S3-DevKitC_25mm;1;ESP32-S3-DevKitC;
28;J2;PinHeader_1x02_P2.54mm_Vertical;1;12V_TP;
29;J7;PinHeader_1x22_P2.54mm_Vertical;1;Pins_rechts;
30;J6;PinHeader_1x22_P2.54mm_Vertical;1;Pins_links;
31;R13;R_0805_2012Metric_Pad1.20x1.40mm_HandSolder;1;2,7k;
32;C18;CP_Elec_4x5.4;1;10uF 16V;
33;JP4;PinHeader_2x01_P2.54mm_Vertical;1;JP2_Term;
34;D3;LED_0805_2012Metric_Pad1.15x1.40mm_HandSolder;1;LED_ext_green;
35;D4;LED_0805_2012Metric_Pad1.15x1.40mm_HandSolder;1;LED_green;
36;D1;SOT65P210X110-3N;1;ESDCAN03-2BWY;
37;JP1;PinHeader_2x01_P2.54mm_Vertical;1;Jumper_2_Open;
38;IC2;SOT230P700X180-4N;1;LDL1117S50R;
39;FL1;DR331513BE;1;DR331-513BE;
40;IC1;SOT230P700X180-4N;1;LDL1117S33R;
41;R17;R_0805_2012Metric_Pad1.20x1.40mm_HandSolder;1;330;
42;R15,R16;R_0805_2012Metric_Pad1.20x1.40mm_HandSolder;2;680;
