<?xml version="1.0" encoding="UTF-8"?>
<export version="E">
  <design>
    <source>C:\Users\Maxii\Documents\HKA\Projekt\CAN_Transceiver_Board\CAN_Transceiver_Board.kicad_sch</source>
    <date>15.01.2024 21:50:02</date>
    <tool>Eeschema 7.0.9</tool>
    <sheet number="1" name="/" tstamps="/">
      <title_block>
        <title/>
        <company/>
        <rev/>
        <date/>
        <source>CAN_Transceiver_Board.kicad_sch</source>
        <comment number="1" value=""/>
        <comment number="2" value=""/>
        <comment number="3" value=""/>
        <comment number="4" value=""/>
        <comment number="5" value=""/>
        <comment number="6" value=""/>
        <comment number="7" value=""/>
        <comment number="8" value=""/>
        <comment number="9" value=""/>
      </title_block>
    </sheet>
  </design>
  <components>
    <comp ref="C1">
      <value>4.7uF</value>
      <footprint>Capacitor_SMD:C_0805_2012Metric_Pad1.18x1.45mm_HandSolder</footprint>
      <libsource lib="Device" part="C" description="Unpolarized capacitor"/>
      <property name="Sheetname" value=""/>
      <property name="Sheetfile" value="CAN_Transceiver_Board.kicad_sch"/>
      <property name="ki_description" value="Unpolarized capacitor"/>
      <property name="ki_keywords" value="cap capacitor"/>
      <sheetpath names="/" tstamps="/"/>
      <tstamps>00495f44-7d16-4ddb-a0e5-f61525502586</tstamps>
    </comp>
    <comp ref="C2">
      <value>4.7uF</value>
      <libsource lib="Device" part="C" description="Unpolarized capacitor"/>
      <property name="Sheetname" value=""/>
      <property name="Sheetfile" value="CAN_Transceiver_Board.kicad_sch"/>
      <property name="ki_description" value="Unpolarized capacitor"/>
      <property name="ki_keywords" value="cap capacitor"/>
      <sheetpath names="/" tstamps="/"/>
      <tstamps>d4ec3089-fb37-4d9c-bf1f-8d62e1d4cfa0</tstamps>
    </comp>
    <comp ref="C3">
      <value>10uF 35V</value>
      <footprint>SamacSys_Parts:EEE1AA220WR</footprint>
      <libsource lib="Device" part="C_Polarized" description="Polarized capacitor"/>
      <property name="Sheetname" value=""/>
      <property name="Sheetfile" value="CAN_Transceiver_Board.kicad_sch"/>
      <property name="ki_description" value="Polarized capacitor"/>
      <property name="ki_keywords" value="cap capacitor"/>
      <sheetpath names="/" tstamps="/"/>
      <tstamps>8849a9a7-c083-4652-a1cc-b929834b60df</tstamps>
    </comp>
    <comp ref="C4">
      <value>100nF</value>
      <footprint>Capacitor_SMD:C_0805_2012Metric_Pad1.18x1.45mm_HandSolder</footprint>
      <libsource lib="Device" part="C" description="Unpolarized capacitor"/>
      <property name="Sheetname" value=""/>
      <property name="Sheetfile" value="CAN_Transceiver_Board.kicad_sch"/>
      <property name="ki_description" value="Unpolarized capacitor"/>
      <property name="ki_keywords" value="cap capacitor"/>
      <sheetpath names="/" tstamps="/"/>
      <tstamps>386c2808-d6b3-44b9-a9a6-8b1ebbbf2884</tstamps>
    </comp>
    <comp ref="C5">
      <value>10uF 35V</value>
      <footprint>SamacSys_Parts:EEE1AA220WR</footprint>
      <libsource lib="Device" part="C_Polarized" description="Polarized capacitor"/>
      <property name="Sheetname" value=""/>
      <property name="Sheetfile" value="CAN_Transceiver_Board.kicad_sch"/>
      <property name="ki_description" value="Polarized capacitor"/>
      <property name="ki_keywords" value="cap capacitor"/>
      <sheetpath names="/" tstamps="/"/>
      <tstamps>580c9d67-1ced-479c-9828-81b97ef06351</tstamps>
    </comp>
    <comp ref="C6">
      <value>100nF</value>
      <footprint>Capacitor_SMD:C_0805_2012Metric_Pad1.18x1.45mm_HandSolder</footprint>
      <libsource lib="Device" part="C" description="Unpolarized capacitor"/>
      <property name="Sheetname" value=""/>
      <property name="Sheetfile" value="CAN_Transceiver_Board.kicad_sch"/>
      <property name="ki_description" value="Unpolarized capacitor"/>
      <property name="ki_keywords" value="cap capacitor"/>
      <sheetpath names="/" tstamps="/"/>
      <tstamps>cf9d5f30-31ab-42d0-8fe7-f18bfbe0f71f</tstamps>
    </comp>
    <comp ref="C7">
      <value>1uF</value>
      <footprint>Capacitor_SMD:C_0805_2012Metric_Pad1.18x1.45mm_HandSolder</footprint>
      <libsource lib="Device" part="C" description="Unpolarized capacitor"/>
      <property name="Sheetname" value=""/>
      <property name="Sheetfile" value="CAN_Transceiver_Board.kicad_sch"/>
      <property name="ki_description" value="Unpolarized capacitor"/>
      <property name="ki_keywords" value="cap capacitor"/>
      <sheetpath names="/" tstamps="/"/>
      <tstamps>e0c1a0f1-89c1-4454-9888-8d3c54a38963</tstamps>
    </comp>
    <comp ref="C8">
      <value>100nF</value>
      <footprint>Capacitor_SMD:C_0805_2012Metric_Pad1.18x1.45mm_HandSolder</footprint>
      <libsource lib="Device" part="C" description="Unpolarized capacitor"/>
      <property name="Sheetname" value=""/>
      <property name="Sheetfile" value="CAN_Transceiver_Board.kicad_sch"/>
      <property name="ki_description" value="Unpolarized capacitor"/>
      <property name="ki_keywords" value="cap capacitor"/>
      <sheetpath names="/" tstamps="/"/>
      <tstamps>3ca305f6-233d-4a26-a360-6ce5734b7d7d</tstamps>
    </comp>
    <comp ref="C9">
      <value>100pF</value>
      <footprint>Capacitor_SMD:C_0805_2012Metric_Pad1.18x1.45mm_HandSolder</footprint>
      <libsource lib="Device" part="C" description="Unpolarized capacitor"/>
      <property name="Sheetname" value=""/>
      <property name="Sheetfile" value="CAN_Transceiver_Board.kicad_sch"/>
      <property name="ki_description" value="Unpolarized capacitor"/>
      <property name="ki_keywords" value="cap capacitor"/>
      <sheetpath names="/" tstamps="/"/>
      <tstamps>61484ace-cff5-4448-8a4b-8b696004f658</tstamps>
    </comp>
    <comp ref="C10">
      <value>100pF</value>
      <footprint>Capacitor_SMD:C_0805_2012Metric_Pad1.18x1.45mm_HandSolder</footprint>
      <libsource lib="Device" part="C" description="Unpolarized capacitor"/>
      <property name="Sheetname" value=""/>
      <property name="Sheetfile" value="CAN_Transceiver_Board.kicad_sch"/>
      <property name="ki_description" value="Unpolarized capacitor"/>
      <property name="ki_keywords" value="cap capacitor"/>
      <sheetpath names="/" tstamps="/"/>
      <tstamps>ebf47b0f-638f-4603-8ea4-13f21b49a846</tstamps>
    </comp>
    <comp ref="C11">
      <value>100nF</value>
      <footprint>Capacitor_SMD:C_0805_2012Metric_Pad1.18x1.45mm_HandSolder</footprint>
      <libsource lib="Device" part="C" description="Unpolarized capacitor"/>
      <property name="Sheetname" value=""/>
      <property name="Sheetfile" value="CAN_Transceiver_Board.kicad_sch"/>
      <property name="ki_description" value="Unpolarized capacitor"/>
      <property name="ki_keywords" value="cap capacitor"/>
      <sheetpath names="/" tstamps="/"/>
      <tstamps>6daa6f49-2e28-4a5f-9782-7f7cade1c93f</tstamps>
    </comp>
    <comp ref="C12">
      <value>4,7nF</value>
      <footprint>Capacitor_SMD:C_0805_2012Metric_Pad1.18x1.45mm_HandSolder</footprint>
      <libsource lib="Device" part="C" description="Unpolarized capacitor"/>
      <property name="Sheetname" value=""/>
      <property name="Sheetfile" value="CAN_Transceiver_Board.kicad_sch"/>
      <property name="ki_description" value="Unpolarized capacitor"/>
      <property name="ki_keywords" value="cap capacitor"/>
      <sheetpath names="/" tstamps="/"/>
      <tstamps>2c2ea3d3-7386-486d-b98f-cac8ba48fda3</tstamps>
    </comp>
    <comp ref="C13">
      <value>100pF</value>
      <footprint>Capacitor_SMD:C_0805_2012Metric_Pad1.18x1.45mm_HandSolder</footprint>
      <libsource lib="Device" part="C" description="Unpolarized capacitor"/>
      <property name="Sheetname" value=""/>
      <property name="Sheetfile" value="CAN_Transceiver_Board.kicad_sch"/>
      <property name="ki_description" value="Unpolarized capacitor"/>
      <property name="ki_keywords" value="cap capacitor"/>
      <sheetpath names="/" tstamps="/"/>
      <tstamps>ccc057c8-afe9-4733-b500-244e0cf4b93b</tstamps>
    </comp>
    <comp ref="C14">
      <value>100pF</value>
      <footprint>Capacitor_SMD:C_0805_2012Metric_Pad1.18x1.45mm_HandSolder</footprint>
      <libsource lib="Device" part="C" description="Unpolarized capacitor"/>
      <property name="Sheetname" value=""/>
      <property name="Sheetfile" value="CAN_Transceiver_Board.kicad_sch"/>
      <property name="ki_description" value="Unpolarized capacitor"/>
      <property name="ki_keywords" value="cap capacitor"/>
      <sheetpath names="/" tstamps="/"/>
      <tstamps>69159a1e-287e-47c5-83fe-bfdc81dce328</tstamps>
    </comp>
    <comp ref="C15">
      <value>100nF</value>
      <footprint>Capacitor_SMD:C_0805_2012Metric_Pad1.18x1.45mm_HandSolder</footprint>
      <libsource lib="Device" part="C" description="Unpolarized capacitor"/>
      <property name="Sheetname" value=""/>
      <property name="Sheetfile" value="CAN_Transceiver_Board.kicad_sch"/>
      <property name="ki_description" value="Unpolarized capacitor"/>
      <property name="ki_keywords" value="cap capacitor"/>
      <sheetpath names="/" tstamps="/"/>
      <tstamps>80020192-a045-4b6c-88fc-bda18d5d8db0</tstamps>
    </comp>
    <comp ref="C16">
      <value>10uF 16V</value>
      <footprint>Capacitor_SMD:CP_Elec_4x5.4</footprint>
      <libsource lib="Device" part="C_Polarized" description="Polarized capacitor"/>
      <property name="Sheetname" value=""/>
      <property name="Sheetfile" value="CAN_Transceiver_Board.kicad_sch"/>
      <property name="ki_description" value="Polarized capacitor"/>
      <property name="ki_keywords" value="cap capacitor"/>
      <sheetpath names="/" tstamps="/"/>
      <tstamps>e34334fa-f461-4ed7-85d3-84040e8cc074</tstamps>
    </comp>
    <comp ref="D1">
      <value>ESDCAN03-2BWY</value>
      <footprint>SOT65P210X110-3N</footprint>
      <datasheet>http://at.rs-online.com/web/p/products/1241110P</datasheet>
      <fields>
        <field name="Height">1.1</field>
        <field name="Manufacturer_Name">STMicroelectronics</field>
        <field name="Manufacturer_Part_Number">ESDCAN03-2BWY</field>
        <field name="RS Part Number">1241110P</field>
        <field name="RS Price/Stock">http://at.rs-online.com/web/p/products/1241110P</field>
      </fields>
      <libsource lib="SamacSys_Parts" part="ESDCAN03-2BWY" description="ESD Suppressors / TVS Diodes Automotive dual-line Transil, Transient voltage suppressor (TVS) for CAN bus"/>
      <property name="Height" value="1.1"/>
      <property name="RS Part Number" value="1241110P"/>
      <property name="RS Price/Stock" value="http://at.rs-online.com/web/p/products/1241110P"/>
      <property name="Manufacturer_Name" value="STMicroelectronics"/>
      <property name="Manufacturer_Part_Number" value="ESDCAN03-2BWY"/>
      <property name="Sheetname" value=""/>
      <property name="Sheetfile" value="CAN_Transceiver_Board.kicad_sch"/>
      <property name="ki_description" value="ESD Suppressors / TVS Diodes Automotive dual-line Transil, Transient voltage suppressor (TVS) for CAN bus"/>
      <sheetpath names="/" tstamps="/"/>
      <tstamps>b2b2cebd-04c3-4796-b369-b3e587c455e8</tstamps>
    </comp>
    <comp ref="D2">
      <value>LED_ext_green</value>
      <footprint>LED_SMD:LED_0603_1608Metric</footprint>
      <libsource lib="Device" part="LED" description="Light emitting diode"/>
      <property name="Sheetname" value=""/>
      <property name="Sheetfile" value="CAN_Transceiver_Board.kicad_sch"/>
      <property name="ki_description" value="Light emitting diode"/>
      <property name="ki_keywords" value="LED diode"/>
      <sheetpath names="/" tstamps="/"/>
      <tstamps>29f45953-24d2-427b-a87b-128dd2437ff0</tstamps>
    </comp>
    <comp ref="D3">
      <value>LED_green</value>
      <footprint>LED_SMD:LED_0603_1608Metric</footprint>
      <libsource lib="Device" part="LED" description="Light emitting diode"/>
      <property name="Sheetname" value=""/>
      <property name="Sheetfile" value="CAN_Transceiver_Board.kicad_sch"/>
      <property name="ki_description" value="Light emitting diode"/>
      <property name="ki_keywords" value="LED diode"/>
      <sheetpath names="/" tstamps="/"/>
      <tstamps>0307d710-288a-4d16-b87c-ac5e9b8487fa</tstamps>
    </comp>
    <comp ref="D4">
      <value>LED_red</value>
      <footprint>LED_SMD:LED_0603_1608Metric</footprint>
      <libsource lib="Device" part="LED" description="Light emitting diode"/>
      <property name="Sheetname" value=""/>
      <property name="Sheetfile" value="CAN_Transceiver_Board.kicad_sch"/>
      <property name="ki_description" value="Light emitting diode"/>
      <property name="ki_keywords" value="LED diode"/>
      <sheetpath names="/" tstamps="/"/>
      <tstamps>22146814-0191-48a0-829b-58e1ecfea0a5</tstamps>
    </comp>
    <comp ref="D5">
      <value>LED_blue</value>
      <footprint>LED_SMD:LED_0603_1608Metric</footprint>
      <libsource lib="Device" part="LED" description="Light emitting diode"/>
      <property name="Sheetname" value=""/>
      <property name="Sheetfile" value="CAN_Transceiver_Board.kicad_sch"/>
      <property name="ki_description" value="Light emitting diode"/>
      <property name="ki_keywords" value="LED diode"/>
      <sheetpath names="/" tstamps="/"/>
      <tstamps>9e8eb962-b37f-4f7f-b6e7-509748fed23e</tstamps>
    </comp>
    <comp ref="F1">
      <value>2920L125PR</value>
      <footprint>FUSC7451X100N</footprint>
      <datasheet>https://datasheet.lcsc.com/szlcsc/1907051732_Littelfuse-2920L125PR_C192524.pdf</datasheet>
      <fields>
        <field name="Height">1</field>
        <field name="Manufacturer_Name">LITTELFUSE</field>
        <field name="Manufacturer_Part_Number">2920L125PR</field>
      </fields>
      <libsource lib="SamacSys_Parts" part="2920L125PR" description="Resettable Fuses - PPTC 1.25A 15V 2920"/>
      <property name="Height" value="1"/>
      <property name="RS Part Number" value=""/>
      <property name="RS Price/Stock" value=""/>
      <property name="Manufacturer_Name" value="LITTELFUSE"/>
      <property name="Manufacturer_Part_Number" value="2920L125PR"/>
      <property name="Sheetname" value=""/>
      <property name="Sheetfile" value="CAN_Transceiver_Board.kicad_sch"/>
      <property name="ki_description" value="Resettable Fuses - PPTC 1.25A 15V 2920"/>
      <sheetpath names="/" tstamps="/"/>
      <tstamps>06987758-6d04-40ab-a38e-51f0361ef4c7</tstamps>
    </comp>
    <comp ref="F2">
      <value>2920L125PR</value>
      <footprint>FUSC7451X100N</footprint>
      <datasheet>https://datasheet.lcsc.com/szlcsc/1907051732_Littelfuse-2920L125PR_C192524.pdf</datasheet>
      <fields>
        <field name="Height">1</field>
        <field name="Manufacturer_Name">LITTELFUSE</field>
        <field name="Manufacturer_Part_Number">2920L125PR</field>
      </fields>
      <libsource lib="SamacSys_Parts" part="2920L125PR" description="Resettable Fuses - PPTC 1.25A 15V 2920"/>
      <property name="Height" value="1"/>
      <property name="RS Part Number" value=""/>
      <property name="RS Price/Stock" value=""/>
      <property name="Manufacturer_Name" value="LITTELFUSE"/>
      <property name="Manufacturer_Part_Number" value="2920L125PR"/>
      <property name="Sheetname" value=""/>
      <property name="Sheetfile" value="CAN_Transceiver_Board.kicad_sch"/>
      <property name="ki_description" value="Resettable Fuses - PPTC 1.25A 15V 2920"/>
      <sheetpath names="/" tstamps="/"/>
      <tstamps>24565b58-056b-4808-ba35-4fbf9b62b7eb</tstamps>
    </comp>
    <comp ref="FL1">
      <value>ACT45B-101-2P-TL003</value>
      <footprint>ACT45B1012PTL003</footprint>
      <datasheet>https://product.tdk.com/system/files/dam/doc/product/emc/emc/cmf_cmc/catalog/cmf_automotive_signal_act45b_en.pdf</datasheet>
      <fields>
        <field name="Arrow Part Number">ACT45B-101-2P-TL003</field>
        <field name="Arrow Price/Stock">https://www.arrow.com/en/products/act45b-101-2p-tl003/tdk?region=nac</field>
        <field name="Height">3</field>
        <field name="Manufacturer_Name">TDK</field>
        <field name="Manufacturer_Part_Number">ACT45B-101-2P-TL003</field>
        <field name="Mouser Part Number">810-ACT45B1012PTL003</field>
        <field name="Mouser Price/Stock">https://www.mouser.co.uk/ProductDetail/TDK/ACT45B-101-2P-TL003?qs=SKgu1TwNDxoLFWvwfqJuJA%3D%3D</field>
      </fields>
      <libsource lib="SamacSys_Parts" part="ACT45B-101-2P-TL003" description="Common Mode Filters / Chokes, |Z|=5800 at 10MHz, L x W x T :"/>
      <property name="Height" value="3"/>
      <property name="Manufacturer_Name" value="TDK"/>
      <property name="Manufacturer_Part_Number" value="ACT45B-101-2P-TL003"/>
      <property name="Mouser Part Number" value="810-ACT45B1012PTL003"/>
      <property name="Mouser Price/Stock" value="https://www.mouser.co.uk/ProductDetail/TDK/ACT45B-101-2P-TL003?qs=SKgu1TwNDxoLFWvwfqJuJA%3D%3D"/>
      <property name="Arrow Part Number" value="ACT45B-101-2P-TL003"/>
      <property name="Arrow Price/Stock" value="https://www.arrow.com/en/products/act45b-101-2p-tl003/tdk?region=nac"/>
      <property name="Sheetname" value=""/>
      <property name="Sheetfile" value="CAN_Transceiver_Board.kicad_sch"/>
      <property name="ki_description" value="Common Mode Filters / Chokes, |Z|=5800 at 10MHz, L x W x T :"/>
      <sheetpath names="/" tstamps="/"/>
      <tstamps>b4f26da7-c3db-4915-958b-011af0bca92a</tstamps>
    </comp>
    <comp ref="H1">
      <value>MountingHole</value>
      <footprint>MountingHole:MountingHole_3.2mm_M3_Pad_TopBottom</footprint>
      <libsource lib="Mechanical" part="MountingHole" description="Mounting Hole without connection"/>
      <property name="Sheetname" value=""/>
      <property name="Sheetfile" value="CAN_Transceiver_Board.kicad_sch"/>
      <property name="ki_description" value="Mounting Hole without connection"/>
      <property name="ki_keywords" value="mounting hole"/>
      <sheetpath names="/" tstamps="/"/>
      <tstamps>4618ec7a-dc4e-4dfc-b523-9154a1681013</tstamps>
    </comp>
    <comp ref="H2">
      <value>MountingHole</value>
      <footprint>MountingHole:MountingHole_3.2mm_M3_Pad_TopBottom</footprint>
      <libsource lib="Mechanical" part="MountingHole" description="Mounting Hole without connection"/>
      <property name="Sheetname" value=""/>
      <property name="Sheetfile" value="CAN_Transceiver_Board.kicad_sch"/>
      <property name="ki_description" value="Mounting Hole without connection"/>
      <property name="ki_keywords" value="mounting hole"/>
      <sheetpath names="/" tstamps="/"/>
      <tstamps>f0033bb9-7edb-4a51-b2d7-93d1fd6f26a2</tstamps>
    </comp>
    <comp ref="H3">
      <value>MountingHole</value>
      <footprint>MountingHole:MountingHole_3.2mm_M3_Pad_TopBottom</footprint>
      <libsource lib="Mechanical" part="MountingHole" description="Mounting Hole without connection"/>
      <property name="Sheetname" value=""/>
      <property name="Sheetfile" value="CAN_Transceiver_Board.kicad_sch"/>
      <property name="ki_description" value="Mounting Hole without connection"/>
      <property name="ki_keywords" value="mounting hole"/>
      <sheetpath names="/" tstamps="/"/>
      <tstamps>133bf022-7228-420f-8739-40461b68cf4c</tstamps>
    </comp>
    <comp ref="H4">
      <value>MountingHole</value>
      <footprint>MountingHole:MountingHole_3.2mm_M3_Pad_TopBottom</footprint>
      <libsource lib="Mechanical" part="MountingHole" description="Mounting Hole without connection"/>
      <property name="Sheetname" value=""/>
      <property name="Sheetfile" value="CAN_Transceiver_Board.kicad_sch"/>
      <property name="ki_description" value="Mounting Hole without connection"/>
      <property name="ki_keywords" value="mounting hole"/>
      <sheetpath names="/" tstamps="/"/>
      <tstamps>62636d4d-b389-484f-82b5-698f57beeb44</tstamps>
    </comp>
    <comp ref="IC1">
      <value>LDL1117S33R</value>
      <footprint>SOT230P700X180-4N</footprint>
      <datasheet>http://uk.rs-online.com/web/p/products/1961952</datasheet>
      <fields>
        <field name="Height">1.8</field>
        <field name="Manufacturer_Name">STMicroelectronics</field>
        <field name="Manufacturer_Part_Number">LDL1117S33R</field>
        <field name="RS Part Number">1961952</field>
        <field name="RS Price/Stock">http://uk.rs-online.com/web/p/products/1961952</field>
      </fields>
      <libsource lib="SamacSys_Parts" part="LDL1117S33R" description="STMICROELECTRONICS - LDL1117S33R - LDO, FIXED, 3.3V, 1.2A, SOT-223-3"/>
      <property name="Height" value="1.8"/>
      <property name="RS Part Number" value="1961952"/>
      <property name="RS Price/Stock" value="http://uk.rs-online.com/web/p/products/1961952"/>
      <property name="Manufacturer_Name" value="STMicroelectronics"/>
      <property name="Manufacturer_Part_Number" value="LDL1117S33R"/>
      <property name="Sheetname" value=""/>
      <property name="Sheetfile" value="CAN_Transceiver_Board.kicad_sch"/>
      <property name="ki_description" value="STMICROELECTRONICS - LDL1117S33R - LDO, FIXED, 3.3V, 1.2A, SOT-223-3"/>
      <sheetpath names="/" tstamps="/"/>
      <tstamps>4a875862-4c43-46e3-afcb-a78052c09194</tstamps>
    </comp>
    <comp ref="IC2">
      <value>LDL1117S50R</value>
      <footprint>SOT230P700X180-4N</footprint>
      <datasheet>http://uk.rs-online.com/web/p/products/1961952</datasheet>
      <fields>
        <field name="Height">1.8</field>
        <field name="Manufacturer_Name">STMicroelectronics</field>
        <field name="Manufacturer_Part_Number">LDL1117S33R</field>
        <field name="RS Part Number">1961952</field>
        <field name="RS Price/Stock">http://uk.rs-online.com/web/p/products/1961952</field>
      </fields>
      <libsource lib="SamacSys_Parts" part="LDL1117S33R" description="STMICROELECTRONICS - LDL1117S33R - LDO, FIXED, 3.3V, 1.2A, SOT-223-3"/>
      <property name="Height" value="1.8"/>
      <property name="RS Part Number" value="1961952"/>
      <property name="RS Price/Stock" value="http://uk.rs-online.com/web/p/products/1961952"/>
      <property name="Manufacturer_Name" value="STMicroelectronics"/>
      <property name="Manufacturer_Part_Number" value="LDL1117S33R"/>
      <property name="Sheetname" value=""/>
      <property name="Sheetfile" value="CAN_Transceiver_Board.kicad_sch"/>
      <property name="ki_description" value="STMICROELECTRONICS - LDL1117S33R - LDO, FIXED, 3.3V, 1.2A, SOT-223-3"/>
      <sheetpath names="/" tstamps="/"/>
      <tstamps>220a539c-ad89-45e6-bdcc-bfdb3bda4249</tstamps>
    </comp>
    <comp ref="J1">
      <value>Conn_01x02</value>
      <footprint>Connector_PinHeader_2.54mm:PinHeader_1x02_P2.54mm_Vertical</footprint>
      <libsource lib="Connector_Generic" part="Conn_01x02" description="Generic connector, single row, 01x02, script generated (kicad-library-utils/schlib/autogen/connector/)"/>
      <property name="Sheetname" value=""/>
      <property name="Sheetfile" value="CAN_Transceiver_Board.kicad_sch"/>
      <property name="ki_description" value="Generic connector, single row, 01x02, script generated (kicad-library-utils/schlib/autogen/connector/)"/>
      <property name="ki_keywords" value="connector"/>
      <sheetpath names="/" tstamps="/"/>
      <tstamps>9bf7eade-ecb1-4b3f-b4da-db0bbe7bb59b</tstamps>
    </comp>
    <comp ref="J2">
      <value>Conn_02x03_Top_Bottom</value>
      <footprint>Connector_PinHeader_2.54mm:PinHeader_2x03_P2.54mm_Vertical</footprint>
      <libsource lib="Connector_Generic" part="Conn_02x03_Odd_Even" description="Generic connector, double row, 02x03, odd/even pin numbering scheme (row 1 odd numbers, row 2 even numbers), script generated (kicad-library-utils/schlib/autogen/connector/)"/>
      <property name="Sheetname" value=""/>
      <property name="Sheetfile" value="CAN_Transceiver_Board.kicad_sch"/>
      <property name="ki_description" value="Generic connector, double row, 02x03, odd/even pin numbering scheme (row 1 odd numbers, row 2 even numbers), script generated (kicad-library-utils/schlib/autogen/connector/)"/>
      <property name="ki_keywords" value="connector"/>
      <sheetpath names="/" tstamps="/"/>
      <tstamps>6440e21a-f6b9-48ba-b598-7e444e0a05a3</tstamps>
    </comp>
    <comp ref="J3">
      <value>PJ-102BH</value>
      <footprint>PJ-102AH</footprint>
      <datasheet>http://uk.rs-online.com/web/p/products/2596559</datasheet>
      <fields>
        <field name="Manufacturer_Name">CUI Devices</field>
        <field name="Manufacturer_Part_Number">PJ-102BH</field>
        <field name="RS Part Number">2596559</field>
        <field name="RS Price/Stock">http://uk.rs-online.com/web/p/products/2596559</field>
      </fields>
      <libsource lib="SamacSys_Parts" part="PJ-102BH" description="DC Power Connectors Power Jacks"/>
      <property name="Height" value=""/>
      <property name="RS Part Number" value="2596559"/>
      <property name="RS Price/Stock" value="http://uk.rs-online.com/web/p/products/2596559"/>
      <property name="Manufacturer_Name" value="CUI Devices"/>
      <property name="Manufacturer_Part_Number" value="PJ-102BH"/>
      <property name="Sheetname" value=""/>
      <property name="Sheetfile" value="CAN_Transceiver_Board.kicad_sch"/>
      <property name="ki_description" value="DC Power Connectors Power Jacks"/>
      <sheetpath names="/" tstamps="/"/>
      <tstamps>8efd9f76-b23f-4f79-a186-6b48510de29c</tstamps>
    </comp>
    <comp ref="J4">
      <value>09661536612</value>
      <footprint>09661536612</footprint>
      <datasheet>https://b2b.harting.com/files/download/PRD/PDF_DS/PDF_DS_09661536612_EN.pdf</datasheet>
      <fields>
        <field name="Allied_Number">70739472</field>
        <field name="Height">13.6</field>
        <field name="Manufacturer_Name">HARTING</field>
        <field name="Manufacturer_Part_Number">09661536612</field>
      </fields>
      <libsource lib="SamacSys_Parts" part="09661536612" description="D-Sub 9pin female angled 2.84mm pitch, stamped, with board locks, 4-40UNC, PL2"/>
      <property name="Height" value="13.6"/>
      <property name="RS Part Number" value=""/>
      <property name="RS Price/Stock" value=""/>
      <property name="Manufacturer_Name" value="HARTING"/>
      <property name="Manufacturer_Part_Number" value="09661536612"/>
      <property name="Allied_Number" value="70739472"/>
      <property name="Sheetname" value=""/>
      <property name="Sheetfile" value="CAN_Transceiver_Board.kicad_sch"/>
      <property name="ki_description" value="D-Sub 9pin female angled 2.84mm pitch, stamped, with board locks, 4-40UNC, PL2"/>
      <sheetpath names="/" tstamps="/"/>
      <tstamps>5f1b130d-0d3b-4263-9ca7-b5006154cd1f</tstamps>
    </comp>
    <comp ref="J5">
      <value>Pins_links</value>
      <footprint>Connector_PinHeader_2.54mm:PinHeader_1x22_P2.54mm_Vertical</footprint>
      <libsource lib="Connector" part="Conn_01x22_Socket" description="Generic connector, single row, 01x22, script generated"/>
      <property name="Sheetname" value=""/>
      <property name="Sheetfile" value="CAN_Transceiver_Board.kicad_sch"/>
      <property name="ki_description" value="Generic connector, single row, 01x22, script generated"/>
      <property name="ki_keywords" value="connector"/>
      <sheetpath names="/" tstamps="/"/>
      <tstamps>58453715-bf2c-4e6b-b0e0-555c2cc7138e</tstamps>
    </comp>
    <comp ref="J6">
      <value>Pins_rechts</value>
      <footprint>Connector_PinHeader_2.54mm:PinHeader_1x22_P2.54mm_Vertical</footprint>
      <libsource lib="" part="Conn_01x22_Socket_1" description="Generic connector, single row, 01x22, script generated"/>
      <property name="Sheetname" value=""/>
      <property name="Sheetfile" value="CAN_Transceiver_Board.kicad_sch"/>
      <property name="ki_description" value="Generic connector, single row, 01x22, script generated"/>
      <property name="ki_keywords" value="connector"/>
      <sheetpath names="/" tstamps="/"/>
      <tstamps>681efdad-3bec-43e9-ac87-eec3c30ebe28</tstamps>
    </comp>
    <comp ref="JP1">
      <value>Jumper_2_Open</value>
      <footprint>Connector_PinHeader_2.54mm:PinHeader_2x01_P2.54mm_Vertical</footprint>
      <libsource lib="Jumper" part="Jumper_2_Open" description="Jumper, 2-pole, open"/>
      <property name="Sheetname" value=""/>
      <property name="Sheetfile" value="CAN_Transceiver_Board.kicad_sch"/>
      <property name="ki_description" value="Jumper, 2-pole, open"/>
      <property name="ki_keywords" value="Jumper SPST"/>
      <sheetpath names="/" tstamps="/"/>
      <tstamps>85dd8831-a0ff-4f16-a27a-f5d34a209114</tstamps>
    </comp>
    <comp ref="JP2">
      <value>Jumper_V3.3_ext</value>
      <footprint>Connector_PinHeader_2.54mm:PinHeader_2x01_P2.54mm_Vertical</footprint>
      <libsource lib="Jumper" part="Jumper_2_Open" description="Jumper, 2-pole, open"/>
      <property name="Sheetname" value=""/>
      <property name="Sheetfile" value="CAN_Transceiver_Board.kicad_sch"/>
      <property name="ki_description" value="Jumper, 2-pole, open"/>
      <property name="ki_keywords" value="Jumper SPST"/>
      <sheetpath names="/" tstamps="/"/>
      <tstamps>d35cf6a3-b58d-4694-a88b-138fad7082c9</tstamps>
    </comp>
    <comp ref="JP3">
      <value>Jumper_2_Open</value>
      <footprint>Connector_PinHeader_2.54mm:PinHeader_2x01_P2.54mm_Vertical</footprint>
      <libsource lib="Jumper" part="Jumper_2_Open" description="Jumper, 2-pole, open"/>
      <property name="Sheetname" value=""/>
      <property name="Sheetfile" value="CAN_Transceiver_Board.kicad_sch"/>
      <property name="ki_description" value="Jumper, 2-pole, open"/>
      <property name="ki_keywords" value="Jumper SPST"/>
      <sheetpath names="/" tstamps="/"/>
      <tstamps>e4454ec5-c395-424b-9c04-74b339243c09</tstamps>
    </comp>
    <comp ref="JP4">
      <value>Jumper_3_Open</value>
      <footprint>Connector_PinHeader_2.54mm:PinHeader_1x03_P2.54mm_Vertical</footprint>
      <libsource lib="Jumper" part="Jumper_3_Open" description="Jumper, 3-pole, both open"/>
      <property name="Sheetname" value=""/>
      <property name="Sheetfile" value="CAN_Transceiver_Board.kicad_sch"/>
      <property name="ki_description" value="Jumper, 3-pole, both open"/>
      <property name="ki_keywords" value="Jumper SPDT"/>
      <sheetpath names="/" tstamps="/"/>
      <tstamps>3dcce91b-319b-46c7-8a1d-66de52e4763b</tstamps>
    </comp>
    <comp ref="JP5">
      <value>Jumper_2_Open</value>
      <footprint>Connector_PinHeader_2.54mm:PinHeader_2x01_P2.54mm_Vertical</footprint>
      <libsource lib="Jumper" part="Jumper_2_Open" description="Jumper, 2-pole, open"/>
      <property name="Sheetname" value=""/>
      <property name="Sheetfile" value="CAN_Transceiver_Board.kicad_sch"/>
      <property name="ki_description" value="Jumper, 2-pole, open"/>
      <property name="ki_keywords" value="Jumper SPST"/>
      <sheetpath names="/" tstamps="/"/>
      <tstamps>63aa42dd-534b-4619-ae2f-b05d730db6df</tstamps>
    </comp>
    <comp ref="R1">
      <value>1k</value>
      <footprint>Resistor_SMD:R_0805_2012Metric_Pad1.20x1.40mm_HandSolder</footprint>
      <libsource lib="Device" part="R" description="Resistor"/>
      <property name="Sheetname" value=""/>
      <property name="Sheetfile" value="CAN_Transceiver_Board.kicad_sch"/>
      <property name="ki_description" value="Resistor"/>
      <property name="ki_keywords" value="R res resistor"/>
      <sheetpath names="/" tstamps="/"/>
      <tstamps>25503bae-71d0-467a-8fca-480daf859b9e</tstamps>
    </comp>
    <comp ref="R2">
      <value>1k</value>
      <footprint>Resistor_SMD:R_0805_2012Metric_Pad1.20x1.40mm_HandSolder</footprint>
      <libsource lib="Device" part="R" description="Resistor"/>
      <property name="Sheetname" value=""/>
      <property name="Sheetfile" value="CAN_Transceiver_Board.kicad_sch"/>
      <property name="ki_description" value="Resistor"/>
      <property name="ki_keywords" value="R res resistor"/>
      <sheetpath names="/" tstamps="/"/>
      <tstamps>3f81e52f-d7be-43dd-8f95-c0222600808f</tstamps>
    </comp>
    <comp ref="R3">
      <value>1k</value>
      <footprint>Resistor_SMD:R_0805_2012Metric_Pad1.20x1.40mm_HandSolder</footprint>
      <libsource lib="Device" part="R" description="Resistor"/>
      <property name="Sheetname" value=""/>
      <property name="Sheetfile" value="CAN_Transceiver_Board.kicad_sch"/>
      <property name="ki_description" value="Resistor"/>
      <property name="ki_keywords" value="R res resistor"/>
      <sheetpath names="/" tstamps="/"/>
      <tstamps>fe2b24b0-9359-4e63-99df-28cbc2648951</tstamps>
    </comp>
    <comp ref="R4">
      <value>1k</value>
      <footprint>Resistor_SMD:R_0805_2012Metric_Pad1.20x1.40mm_HandSolder</footprint>
      <libsource lib="Device" part="R" description="Resistor"/>
      <property name="Sheetname" value=""/>
      <property name="Sheetfile" value="CAN_Transceiver_Board.kicad_sch"/>
      <property name="ki_description" value="Resistor"/>
      <property name="ki_keywords" value="R res resistor"/>
      <sheetpath names="/" tstamps="/"/>
      <tstamps>a7555f42-bc41-4947-a9e2-fd8a02b5561f</tstamps>
    </comp>
    <comp ref="R5">
      <value>59</value>
      <footprint>Resistor_SMD:R_0805_2012Metric_Pad1.20x1.40mm_HandSolder</footprint>
      <libsource lib="Device" part="R" description="Resistor"/>
      <property name="Sheetname" value=""/>
      <property name="Sheetfile" value="CAN_Transceiver_Board.kicad_sch"/>
      <property name="ki_description" value="Resistor"/>
      <property name="ki_keywords" value="R res resistor"/>
      <sheetpath names="/" tstamps="/"/>
      <tstamps>23b7788a-e496-4fe6-b0c7-5634490ac2f3</tstamps>
    </comp>
    <comp ref="R6">
      <value>59</value>
      <footprint>Resistor_SMD:R_0805_2012Metric_Pad1.20x1.40mm_HandSolder</footprint>
      <libsource lib="Device" part="R" description="Resistor"/>
      <property name="Sheetname" value=""/>
      <property name="Sheetfile" value="CAN_Transceiver_Board.kicad_sch"/>
      <property name="ki_description" value="Resistor"/>
      <property name="ki_keywords" value="R res resistor"/>
      <sheetpath names="/" tstamps="/"/>
      <tstamps>af2b86c1-7ebe-4487-b020-9653dd7f1e23</tstamps>
    </comp>
    <comp ref="R7">
      <value>R</value>
      <footprint>Resistor_SMD:R_0805_2012Metric_Pad1.20x1.40mm_HandSolder</footprint>
      <libsource lib="Device" part="R" description="Resistor"/>
      <property name="Sheetname" value=""/>
      <property name="Sheetfile" value="CAN_Transceiver_Board.kicad_sch"/>
      <property name="ki_description" value="Resistor"/>
      <property name="ki_keywords" value="R res resistor"/>
      <sheetpath names="/" tstamps="/"/>
      <tstamps>852b432a-9941-41d7-b9a1-303252c2eb11</tstamps>
    </comp>
    <comp ref="R8">
      <value>R</value>
      <footprint>Resistor_SMD:R_0805_2012Metric_Pad1.20x1.40mm_HandSolder</footprint>
      <libsource lib="Device" part="R" description="Resistor"/>
      <property name="Sheetname" value=""/>
      <property name="Sheetfile" value="CAN_Transceiver_Board.kicad_sch"/>
      <property name="ki_description" value="Resistor"/>
      <property name="ki_keywords" value="R res resistor"/>
      <sheetpath names="/" tstamps="/"/>
      <tstamps>4b2f0ac4-c5d2-4166-acde-7daaf3ba7dc7</tstamps>
    </comp>
    <comp ref="R9">
      <value>R</value>
      <footprint>Resistor_SMD:R_0805_2012Metric_Pad1.20x1.40mm_HandSolder</footprint>
      <libsource lib="Device" part="R" description="Resistor"/>
      <property name="Sheetname" value=""/>
      <property name="Sheetfile" value="CAN_Transceiver_Board.kicad_sch"/>
      <property name="ki_description" value="Resistor"/>
      <property name="ki_keywords" value="R res resistor"/>
      <sheetpath names="/" tstamps="/"/>
      <tstamps>778755c5-e3f3-4518-9e22-3d0e45d10e84</tstamps>
    </comp>
    <comp ref="R10">
      <value>R</value>
      <footprint>Resistor_SMD:R_0805_2012Metric_Pad1.20x1.40mm_HandSolder</footprint>
      <libsource lib="Device" part="R" description="Resistor"/>
      <property name="Sheetname" value=""/>
      <property name="Sheetfile" value="CAN_Transceiver_Board.kicad_sch"/>
      <property name="ki_description" value="Resistor"/>
      <property name="ki_keywords" value="R res resistor"/>
      <sheetpath names="/" tstamps="/"/>
      <tstamps>6955631c-1745-42e4-a7a8-d35e43d5820f</tstamps>
    </comp>
    <comp ref="U1">
      <value>SN65HVD233</value>
      <footprint>Package_SO:SOIC-8_3.9x4.9mm_P1.27mm</footprint>
      <datasheet>http://www.ti.com/lit/ds/symlink/sn65hvd234.pdf</datasheet>
      <libsource lib="Interface_CAN_LIN" part="SN65HVD233" description="CAN Bus Transceiver, 3.3V, 1Mbps, Loopback feature, SOIC-8"/>
      <property name="Sheetname" value=""/>
      <property name="Sheetfile" value="CAN_Transceiver_Board.kicad_sch"/>
      <property name="ki_description" value="CAN Bus Transceiver, 3.3V, 1Mbps, Loopback feature, SOIC-8"/>
      <property name="ki_keywords" value="can transeiver ti"/>
      <sheetpath names="/" tstamps="/"/>
      <tstamps>d416b123-79db-4ffe-99ee-63deb606da96</tstamps>
    </comp>
    <comp ref="U2">
      <value>ESP32-S3-DevKitC</value>
      <footprint>Espressif:ESP32-S3-DevKitC_25mm</footprint>
      <libsource lib="Espressif" part="ESP32-S3-DevKitC_1" description="ESP32-S3-DevKitC"/>
      <property name="Sheetname" value=""/>
      <property name="Sheetfile" value="CAN_Transceiver_Board.kicad_sch"/>
      <property name="ki_description" value="ESP32-S3-DevKitC"/>
      <sheetpath names="/" tstamps="/"/>
      <tstamps>fcece04c-fc7b-47fc-84d0-e5ff367b898a</tstamps>
    </comp>
  </components>
  <libparts>
    <libpart lib="" part="Conn_01x22_Socket_1">
      <description>Generic connector, single row, 01x22, script generated</description>
      <docs>~</docs>
      <footprints>
        <fp>Connector*:*_1x??_*</fp>
      </footprints>
      <fields>
        <field name="Reference">J</field>
        <field name="Value">Conn_01x22_Socket</field>
        <field name="Datasheet">~</field>
      </fields>
      <pins>
        <pin num="1" name="Pin_1" type="passive"/>
        <pin num="2" name="Pin_2" type="passive"/>
        <pin num="3" name="Pin_3" type="passive"/>
        <pin num="4" name="Pin_4" type="passive"/>
        <pin num="5" name="Pin_5" type="passive"/>
        <pin num="6" name="Pin_6" type="passive"/>
        <pin num="7" name="Pin_7" type="passive"/>
        <pin num="8" name="Pin_8" type="passive"/>
        <pin num="9" name="Pin_9" type="passive"/>
        <pin num="10" name="Pin_10" type="passive"/>
        <pin num="11" name="Pin_11" type="passive"/>
        <pin num="12" name="Pin_12" type="passive"/>
        <pin num="13" name="Pin_13" type="passive"/>
        <pin num="14" name="Pin_14" type="passive"/>
        <pin num="15" name="Pin_15" type="passive"/>
        <pin num="16" name="Pin_16" type="passive"/>
        <pin num="17" name="Pin_17" type="passive"/>
        <pin num="18" name="Pin_18" type="passive"/>
        <pin num="19" name="Pin_19" type="passive"/>
        <pin num="20" name="Pin_20" type="passive"/>
        <pin num="21" name="Pin_21" type="passive"/>
        <pin num="22" name="Pin_22" type="passive"/>
      </pins>
    </libpart>
    <libpart lib="Connector" part="Conn_01x22_Socket">
      <description>Generic connector, single row, 01x22, script generated</description>
      <docs>~</docs>
      <footprints>
        <fp>Connector*:*_1x??_*</fp>
      </footprints>
      <fields>
        <field name="Reference">J</field>
        <field name="Value">Conn_01x22_Socket</field>
        <field name="Datasheet">~</field>
      </fields>
      <pins>
        <pin num="1" name="Pin_1" type="passive"/>
        <pin num="2" name="Pin_2" type="passive"/>
        <pin num="3" name="Pin_3" type="passive"/>
        <pin num="4" name="Pin_4" type="passive"/>
        <pin num="5" name="Pin_5" type="passive"/>
        <pin num="6" name="Pin_6" type="passive"/>
        <pin num="7" name="Pin_7" type="passive"/>
        <pin num="8" name="Pin_8" type="passive"/>
        <pin num="9" name="Pin_9" type="passive"/>
        <pin num="10" name="Pin_10" type="passive"/>
        <pin num="11" name="Pin_11" type="passive"/>
        <pin num="12" name="Pin_12" type="passive"/>
        <pin num="13" name="Pin_13" type="passive"/>
        <pin num="14" name="Pin_14" type="passive"/>
        <pin num="15" name="Pin_15" type="passive"/>
        <pin num="16" name="Pin_16" type="passive"/>
        <pin num="17" name="Pin_17" type="passive"/>
        <pin num="18" name="Pin_18" type="passive"/>
        <pin num="19" name="Pin_19" type="passive"/>
        <pin num="20" name="Pin_20" type="passive"/>
        <pin num="21" name="Pin_21" type="passive"/>
        <pin num="22" name="Pin_22" type="passive"/>
      </pins>
    </libpart>
    <libpart lib="Connector_Generic" part="Conn_01x02">
      <description>Generic connector, single row, 01x02, script generated (kicad-library-utils/schlib/autogen/connector/)</description>
      <docs>~</docs>
      <footprints>
        <fp>Connector*:*_1x??_*</fp>
      </footprints>
      <fields>
        <field name="Reference">J</field>
        <field name="Value">Conn_01x02</field>
        <field name="Datasheet">~</field>
      </fields>
      <pins>
        <pin num="1" name="Pin_1" type="passive"/>
        <pin num="2" name="Pin_2" type="passive"/>
      </pins>
    </libpart>
    <libpart lib="Connector_Generic" part="Conn_02x03_Odd_Even">
      <description>Generic connector, double row, 02x03, odd/even pin numbering scheme (row 1 odd numbers, row 2 even numbers), script generated (kicad-library-utils/schlib/autogen/connector/)</description>
      <docs>~</docs>
      <footprints>
        <fp>Connector*:*_2x??_*</fp>
      </footprints>
      <fields>
        <field name="Reference">J</field>
        <field name="Value">Conn_02x03_Odd_Even</field>
        <field name="Datasheet">~</field>
      </fields>
      <pins>
        <pin num="1" name="Pin_1" type="passive"/>
        <pin num="2" name="Pin_2" type="passive"/>
        <pin num="3" name="Pin_3" type="passive"/>
        <pin num="4" name="Pin_4" type="passive"/>
        <pin num="5" name="Pin_5" type="passive"/>
        <pin num="6" name="Pin_6" type="passive"/>
      </pins>
    </libpart>
    <libpart lib="Device" part="C">
      <description>Unpolarized capacitor</description>
      <docs>~</docs>
      <footprints>
        <fp>C_*</fp>
      </footprints>
      <fields>
        <field name="Reference">C</field>
        <field name="Value">C</field>
        <field name="Datasheet">~</field>
      </fields>
      <pins>
        <pin num="1" name="" type="passive"/>
        <pin num="2" name="" type="passive"/>
      </pins>
    </libpart>
    <libpart lib="Device" part="C_Polarized">
      <description>Polarized capacitor</description>
      <docs>~</docs>
      <footprints>
        <fp>CP_*</fp>
      </footprints>
      <fields>
        <field name="Reference">C</field>
        <field name="Value">C_Polarized</field>
        <field name="Datasheet">~</field>
      </fields>
      <pins>
        <pin num="1" name="" type="passive"/>
        <pin num="2" name="" type="passive"/>
      </pins>
    </libpart>
    <libpart lib="Device" part="LED">
      <description>Light emitting diode</description>
      <docs>~</docs>
      <footprints>
        <fp>LED*</fp>
        <fp>LED_SMD:*</fp>
        <fp>LED_THT:*</fp>
      </footprints>
      <fields>
        <field name="Reference">D</field>
        <field name="Value">LED</field>
        <field name="Datasheet">~</field>
      </fields>
      <pins>
        <pin num="1" name="K" type="passive"/>
        <pin num="2" name="A" type="passive"/>
      </pins>
    </libpart>
    <libpart lib="Device" part="R">
      <description>Resistor</description>
      <docs>~</docs>
      <footprints>
        <fp>R_*</fp>
      </footprints>
      <fields>
        <field name="Reference">R</field>
        <field name="Value">R</field>
        <field name="Datasheet">~</field>
      </fields>
      <pins>
        <pin num="1" name="" type="passive"/>
        <pin num="2" name="" type="passive"/>
      </pins>
    </libpart>
    <libpart lib="Espressif" part="ESP32-S3-DevKitC_1">
      <description>ESP32-S3-DevKitC</description>
      <fields>
        <field name="Reference">U</field>
        <field name="Value">ESP32-S3-DevKitC</field>
        <field name="Footprint">PCM_Espressif:ESP32-S3-DevKitC</field>
      </fields>
      <pins>
        <pin num="1" name="3V3" type="power_in"/>
        <pin num="2" name="3V3" type="power_in"/>
        <pin num="3" name="CHIP_PU" type="input"/>
        <pin num="4" name="GPIO4/ADC1_CH3" type="bidirectional"/>
        <pin num="5" name="GPIO5/ADC1_CH4" type="bidirectional"/>
        <pin num="6" name="GPIO6/ADC1_CH5" type="bidirectional"/>
        <pin num="7" name="GPIO7/ADC1_CH6" type="bidirectional"/>
        <pin num="8" name="GPIO15/ADC2_CH4/32K_P" type="bidirectional"/>
        <pin num="9" name="GPIO16/ADC2_CH5/32K_N" type="bidirectional"/>
        <pin num="10" name="GPIO17/ADC2_CH6" type="bidirectional"/>
        <pin num="11" name="GPIO18/ADC2_CH7" type="bidirectional"/>
        <pin num="12" name="GPIO8/ADC1_CH7" type="bidirectional"/>
        <pin num="13" name="GPIO3/ADC1_CH2" type="bidirectional"/>
        <pin num="14" name="GPIO46" type="bidirectional"/>
        <pin num="15" name="GPIO9/ADC1_CH8" type="bidirectional"/>
        <pin num="16" name="GPIO10/ADC1_CH9" type="bidirectional"/>
        <pin num="17" name="GPIO11/ADC2_CH0" type="bidirectional"/>
        <pin num="18" name="GPIO12/ADC2_CH1" type="bidirectional"/>
        <pin num="19" name="GPIO13/ADC2_CH2" type="bidirectional"/>
        <pin num="20" name="GPIO14/ADC2_CH3" type="bidirectional"/>
        <pin num="21" name="5V" type="power_in"/>
        <pin num="22" name="GND" type="power_in"/>
        <pin num="23" name="GND" type="power_in"/>
        <pin num="24" name="GND" type="power_in"/>
        <pin num="25" name="GPIO19/USB_D-" type="bidirectional"/>
        <pin num="26" name="GPIO20/USB_D+" type="bidirectional"/>
        <pin num="27" name="GPIO21" type="bidirectional"/>
        <pin num="28" name="GPIO47" type="bidirectional"/>
        <pin num="29" name="GPIO48" type="bidirectional"/>
        <pin num="30" name="GPIO45" type="bidirectional"/>
        <pin num="31" name="GPIO0" type="bidirectional"/>
        <pin num="32" name="GPIO35" type="bidirectional"/>
        <pin num="33" name="GPIO36" type="bidirectional"/>
        <pin num="34" name="GPIO37" type="bidirectional"/>
        <pin num="35" name="GPIO38" type="bidirectional"/>
        <pin num="36" name="GPIO39/MTCK" type="bidirectional"/>
        <pin num="37" name="GPIO40/MTDO" type="bidirectional"/>
        <pin num="38" name="GPIO41/MTDI" type="bidirectional"/>
        <pin num="39" name="GPIO42/MTMS" type="bidirectional"/>
        <pin num="40" name="GPIO2/ADC1_CH1" type="bidirectional"/>
        <pin num="41" name="GPIO1/ADC1_CH0" type="bidirectional"/>
        <pin num="42" name="GPIO44/U0RXD" type="bidirectional"/>
        <pin num="43" name="GPIO43/U0TXD" type="bidirectional"/>
        <pin num="44" name="GND" type="power_in"/>
      </pins>
    </libpart>
    <libpart lib="Interface_CAN_LIN" part="SN65HVD233">
      <description>CAN Bus Transceiver, 3.3V, 1Mbps, Loopback feature, SOIC-8</description>
      <docs>http://www.ti.com/lit/ds/symlink/sn65hvd234.pdf</docs>
      <footprints>
        <fp>SOIC*3.9x4.9mm*P1.27mm*</fp>
      </footprints>
      <fields>
        <field name="Reference">U</field>
        <field name="Value">SN65HVD233</field>
        <field name="Footprint">Package_SO:SOIC-8_3.9x4.9mm_P1.27mm</field>
        <field name="Datasheet">http://www.ti.com/lit/ds/symlink/sn65hvd234.pdf</field>
      </fields>
      <pins>
        <pin num="1" name="D" type="input"/>
        <pin num="2" name="GND" type="power_in"/>
        <pin num="3" name="VCC" type="power_in"/>
        <pin num="4" name="R" type="output"/>
        <pin num="5" name="LBK" type="input"/>
        <pin num="6" name="CANL" type="bidirectional"/>
        <pin num="7" name="CANH" type="bidirectional"/>
        <pin num="8" name="Rs" type="input"/>
      </pins>
    </libpart>
    <libpart lib="Jumper" part="Jumper_2_Open">
      <description>Jumper, 2-pole, open</description>
      <docs>~</docs>
      <footprints>
        <fp>Jumper*</fp>
        <fp>TestPoint*2Pads*</fp>
        <fp>TestPoint*Bridge*</fp>
      </footprints>
      <fields>
        <field name="Reference">JP</field>
        <field name="Value">Jumper_2_Open</field>
        <field name="Datasheet">~</field>
      </fields>
      <pins>
        <pin num="1" name="A" type="passive"/>
        <pin num="2" name="B" type="passive"/>
      </pins>
    </libpart>
    <libpart lib="Jumper" part="Jumper_3_Open">
      <description>Jumper, 3-pole, both open</description>
      <docs>~</docs>
      <footprints>
        <fp>Jumper*</fp>
        <fp>TestPoint*3Pads*</fp>
        <fp>TestPoint*Bridge*</fp>
      </footprints>
      <fields>
        <field name="Reference">JP</field>
        <field name="Value">Jumper_3_Open</field>
        <field name="Datasheet">~</field>
      </fields>
      <pins>
        <pin num="1" name="A" type="passive"/>
        <pin num="2" name="C" type="passive"/>
        <pin num="3" name="B" type="passive"/>
      </pins>
    </libpart>
    <libpart lib="Mechanical" part="MountingHole">
      <description>Mounting Hole without connection</description>
      <docs>~</docs>
      <footprints>
        <fp>MountingHole*</fp>
      </footprints>
      <fields>
        <field name="Reference">H</field>
        <field name="Value">MountingHole</field>
        <field name="Datasheet">~</field>
      </fields>
    </libpart>
    <libpart lib="SamacSys_Parts" part="09661536612">
      <description>D-Sub 9pin female angled 2.84mm pitch, stamped, with board locks, 4-40UNC, PL2</description>
      <docs>https://b2b.harting.com/files/download/PRD/PDF_DS/PDF_DS_09661536612_EN.pdf</docs>
      <fields>
        <field name="Reference">J</field>
        <field name="Value">09661536612</field>
        <field name="Footprint">09661536612</field>
        <field name="Datasheet">https://b2b.harting.com/files/download/PRD/PDF_DS/PDF_DS_09661536612_EN.pdf</field>
        <field name="Height">13.6</field>
        <field name="Manufacturer_Name">HARTING</field>
        <field name="Manufacturer_Part_Number">09661536612</field>
        <field name="Allied_Number">70739472</field>
      </fields>
      <pins>
        <pin num="1" name="1" type="passive"/>
        <pin num="2" name="2" type="passive"/>
        <pin num="3" name="3" type="passive"/>
        <pin num="4" name="4" type="passive"/>
        <pin num="5" name="5" type="passive"/>
        <pin num="6" name="6" type="passive"/>
        <pin num="7" name="7" type="passive"/>
        <pin num="8" name="8" type="passive"/>
        <pin num="9" name="9" type="passive"/>
        <pin num="MH1" name="MH1" type="passive"/>
        <pin num="MH2" name="MH2" type="passive"/>
      </pins>
    </libpart>
    <libpart lib="SamacSys_Parts" part="2920L125PR">
      <description>Resettable Fuses - PPTC 1.25A 15V 2920</description>
      <docs>https://datasheet.lcsc.com/szlcsc/1907051732_Littelfuse-2920L125PR_C192524.pdf</docs>
      <fields>
        <field name="Reference">F</field>
        <field name="Value">2920L125PR</field>
        <field name="Footprint">FUSC7451X100N</field>
        <field name="Datasheet">https://datasheet.lcsc.com/szlcsc/1907051732_Littelfuse-2920L125PR_C192524.pdf</field>
        <field name="Height">1</field>
        <field name="Manufacturer_Name">LITTELFUSE</field>
        <field name="Manufacturer_Part_Number">2920L125PR</field>
      </fields>
      <pins>
        <pin num="1" name="1" type="passive"/>
        <pin num="2" name="2" type="passive"/>
      </pins>
    </libpart>
    <libpart lib="SamacSys_Parts" part="ACT45B-101-2P-TL003">
      <description>Common Mode Filters / Chokes, |Z|=5800 at 10MHz, L x W x T :</description>
      <docs>https://product.tdk.com/system/files/dam/doc/product/emc/emc/cmf_cmc/catalog/cmf_automotive_signal_act45b_en.pdf</docs>
      <fields>
        <field name="Reference">FL</field>
        <field name="Value">ACT45B-101-2P-TL003</field>
        <field name="Footprint">ACT45B1012PTL003</field>
        <field name="Datasheet">https://product.tdk.com/system/files/dam/doc/product/emc/emc/cmf_cmc/catalog/cmf_automotive_signal_act45b_en.pdf</field>
        <field name="Height">3</field>
        <field name="Manufacturer_Name">TDK</field>
        <field name="Manufacturer_Part_Number">ACT45B-101-2P-TL003</field>
        <field name="Mouser Part Number">810-ACT45B1012PTL003</field>
        <field name="Mouser Price/Stock">https://www.mouser.co.uk/ProductDetail/TDK/ACT45B-101-2P-TL003?qs=SKgu1TwNDxoLFWvwfqJuJA%3D%3D</field>
        <field name="Arrow Part Number">ACT45B-101-2P-TL003</field>
        <field name="Arrow Price/Stock">https://www.arrow.com/en/products/act45b-101-2p-tl003/tdk?region=nac</field>
      </fields>
      <pins>
        <pin num="1" name="1" type="passive"/>
        <pin num="2" name="2" type="passive"/>
        <pin num="3" name="3" type="passive"/>
        <pin num="4" name="4" type="passive"/>
      </pins>
    </libpart>
    <libpart lib="SamacSys_Parts" part="ESDCAN03-2BWY">
      <description>ESD Suppressors / TVS Diodes Automotive dual-line Transil, Transient voltage suppressor (TVS) for CAN bus</description>
      <docs>http://at.rs-online.com/web/p/products/1241110P</docs>
      <fields>
        <field name="Reference">D</field>
        <field name="Value">ESDCAN03-2BWY</field>
        <field name="Footprint">SOT65P210X110-3N</field>
        <field name="Datasheet">http://at.rs-online.com/web/p/products/1241110P</field>
        <field name="Height">1.1</field>
        <field name="RS Part Number">1241110P</field>
        <field name="RS Price/Stock">http://at.rs-online.com/web/p/products/1241110P</field>
        <field name="Manufacturer_Name">STMicroelectronics</field>
        <field name="Manufacturer_Part_Number">ESDCAN03-2BWY</field>
      </fields>
      <pins>
        <pin num="1" name="1" type="passive"/>
        <pin num="2" name="2" type="passive"/>
        <pin num="3" name="3" type="power_in"/>
      </pins>
    </libpart>
    <libpart lib="SamacSys_Parts" part="LDL1117S33R">
      <description>STMICROELECTRONICS - LDL1117S33R - LDO, FIXED, 3.3V, 1.2A, SOT-223-3</description>
      <docs>http://uk.rs-online.com/web/p/products/1961952</docs>
      <fields>
        <field name="Reference">IC</field>
        <field name="Value">LDL1117S33R</field>
        <field name="Footprint">SOT230P700X180-4N</field>
        <field name="Datasheet">http://uk.rs-online.com/web/p/products/1961952</field>
        <field name="Height">1.8</field>
        <field name="RS Part Number">1961952</field>
        <field name="RS Price/Stock">http://uk.rs-online.com/web/p/products/1961952</field>
        <field name="Manufacturer_Name">STMicroelectronics</field>
        <field name="Manufacturer_Part_Number">LDL1117S33R</field>
      </fields>
      <pins>
        <pin num="1" name="GND" type="power_in"/>
        <pin num="2" name="VOUT_1" type="output"/>
        <pin num="3" name="VIN" type="input"/>
        <pin num="4" name="VOUT_2" type="output"/>
      </pins>
    </libpart>
    <libpart lib="SamacSys_Parts" part="PJ-102BH">
      <description>DC Power Connectors Power Jacks</description>
      <docs>http://uk.rs-online.com/web/p/products/2596559</docs>
      <fields>
        <field name="Reference">J</field>
        <field name="Value">PJ-102BH</field>
        <field name="Footprint">PJ-102AH</field>
        <field name="Datasheet">http://uk.rs-online.com/web/p/products/2596559</field>
        <field name="RS Part Number">2596559</field>
        <field name="RS Price/Stock">http://uk.rs-online.com/web/p/products/2596559</field>
        <field name="Manufacturer_Name">CUI Devices</field>
        <field name="Manufacturer_Part_Number">PJ-102BH</field>
      </fields>
      <pins>
        <pin num="1" name="1" type="passive"/>
        <pin num="2" name="2" type="passive"/>
        <pin num="3" name="3" type="passive"/>
      </pins>
    </libpart>
  </libparts>
  <libraries>
    <library logical="Connector">
      <uri>C:\Program Files\KiCad\7.0\share\kicad\symbols\/Connector.kicad_sym</uri>
    </library>
    <library logical="Connector_Generic">
      <uri>C:\Program Files\KiCad\7.0\share\kicad\symbols\/Connector_Generic.kicad_sym</uri>
    </library>
    <library logical="Device">
      <uri>C:\Program Files\KiCad\7.0\share\kicad\symbols\/Device.kicad_sym</uri>
    </library>
    <library logical="Espressif">
      <uri>C:/Users/Maxii/Documents/HKA/Projekt/Espressif_Bib/kicad-libraries-main/symbols/Espressif.kicad_sym</uri>
    </library>
    <library logical="Interface_CAN_LIN">
      <uri>C:\Program Files\KiCad\7.0\share\kicad\symbols\/Interface_CAN_LIN.kicad_sym</uri>
    </library>
    <library logical="Jumper">
      <uri>C:\Program Files\KiCad\7.0\share\kicad\symbols\/Jumper.kicad_sym</uri>
    </library>
    <library logical="Mechanical">
      <uri>C:\Program Files\KiCad\7.0\share\kicad\symbols\/Mechanical.kicad_sym</uri>
    </library>
    <library logical="SamacSys_Parts">
      <uri>C:/Users/Maxii/Documents/HKA/Projekt/Bauteile_KiCad/SamacSys_Parts.kicad_sym</uri>
    </library>
  </libraries>
  <nets>
    <net code="1" name="+3.3V">
      <node ref="C15" pin="1" pintype="passive"/>
      <node ref="C16" pin="1" pintype="passive"/>
      <node ref="C7" pin="1" pintype="passive"/>
      <node ref="C8" pin="1" pintype="passive"/>
      <node ref="J4" pin="9" pinfunction="9" pintype="passive"/>
      <node ref="J5" pin="1" pinfunction="Pin_1" pintype="passive"/>
      <node ref="J5" pin="2" pinfunction="Pin_2" pintype="passive"/>
      <node ref="JP2" pin="2" pinfunction="B" pintype="passive"/>
      <node ref="U1" pin="3" pinfunction="VCC" pintype="power_in"/>
      <node ref="U2" pin="1" pinfunction="3V3" pintype="power_in"/>
      <node ref="U2" pin="2" pinfunction="3V3" pintype="power_in"/>
    </net>
    <net code="2" name="+3.3VP">
      <node ref="C1" pin="1" pintype="passive"/>
      <node ref="IC1" pin="2" pinfunction="VOUT_1" pintype="output"/>
      <node ref="IC1" pin="4" pinfunction="VOUT_2" pintype="output"/>
      <node ref="JP2" pin="1" pinfunction="A" pintype="passive"/>
    </net>
    <net code="3" name="+5V">
      <node ref="C2" pin="1" pintype="passive"/>
      <node ref="IC2" pin="2" pinfunction="VOUT_1" pintype="output"/>
      <node ref="IC2" pin="4" pinfunction="VOUT_2" pintype="output"/>
      <node ref="J2" pin="1" pinfunction="Pin_1" pintype="passive"/>
      <node ref="J2" pin="3" pinfunction="Pin_3" pintype="passive"/>
      <node ref="J2" pin="5" pinfunction="Pin_5" pintype="passive"/>
    </net>
    <net code="4" name="+12V">
      <node ref="F1" pin="1" pinfunction="1" pintype="passive"/>
      <node ref="J1" pin="1" pinfunction="Pin_1" pintype="passive"/>
      <node ref="J3" pin="2" pinfunction="2" pintype="passive"/>
      <node ref="JP1" pin="1" pinfunction="A" pintype="passive"/>
      <node ref="R7" pin="1" pintype="passive"/>
    </net>
    <net code="5" name="/5V_In">
      <node ref="J5" pin="21" pinfunction="Pin_21" pintype="passive"/>
      <node ref="U2" pin="21" pinfunction="5V" pintype="power_in"/>
    </net>
    <net code="6" name="/CHIP_PU">
      <node ref="J5" pin="3" pinfunction="Pin_3" pintype="passive"/>
      <node ref="U2" pin="3" pinfunction="CHIP_PU" pintype="input"/>
    </net>
    <net code="7" name="/GPIO0">
      <node ref="J6" pin="14" pinfunction="Pin_14" pintype="passive"/>
      <node ref="U2" pin="31" pinfunction="GPIO0" pintype="bidirectional"/>
    </net>
    <net code="8" name="/GPIO1">
      <node ref="J6" pin="4" pinfunction="Pin_4" pintype="passive"/>
      <node ref="U2" pin="41" pinfunction="GPIO1/ADC1_CH0" pintype="bidirectional"/>
    </net>
    <net code="9" name="/GPIO2">
      <node ref="J6" pin="5" pinfunction="Pin_5" pintype="passive"/>
      <node ref="U2" pin="40" pinfunction="GPIO2/ADC1_CH1" pintype="bidirectional"/>
    </net>
    <net code="10" name="/GPIO3">
      <node ref="J5" pin="13" pinfunction="Pin_13" pintype="passive"/>
      <node ref="U2" pin="13" pinfunction="GPIO3/ADC1_CH2" pintype="bidirectional"/>
    </net>
    <net code="11" name="/GPIO4">
      <node ref="J5" pin="4" pinfunction="Pin_4" pintype="passive"/>
      <node ref="U2" pin="4" pinfunction="GPIO4/ADC1_CH3" pintype="bidirectional"/>
    </net>
    <net code="12" name="/GPIO5">
      <node ref="J5" pin="5" pinfunction="Pin_5" pintype="passive"/>
      <node ref="U2" pin="5" pinfunction="GPIO5/ADC1_CH4" pintype="bidirectional"/>
    </net>
    <net code="13" name="/GPIO6">
      <node ref="J5" pin="6" pinfunction="Pin_6" pintype="passive"/>
      <node ref="U2" pin="6" pinfunction="GPIO6/ADC1_CH5" pintype="bidirectional"/>
    </net>
    <net code="14" name="/GPIO7">
      <node ref="J5" pin="7" pinfunction="Pin_7" pintype="passive"/>
      <node ref="U2" pin="7" pinfunction="GPIO7/ADC1_CH6" pintype="bidirectional"/>
    </net>
    <net code="15" name="/GPIO8">
      <node ref="J5" pin="12" pinfunction="Pin_12" pintype="passive"/>
      <node ref="U2" pin="12" pinfunction="GPIO8/ADC1_CH7" pintype="bidirectional"/>
    </net>
    <net code="16" name="/GPIO9">
      <node ref="J5" pin="15" pinfunction="Pin_15" pintype="passive"/>
      <node ref="U2" pin="15" pinfunction="GPIO9/ADC1_CH8" pintype="bidirectional"/>
    </net>
    <net code="17" name="/GPIO10">
      <node ref="J5" pin="16" pinfunction="Pin_16" pintype="passive"/>
      <node ref="U2" pin="16" pinfunction="GPIO10/ADC1_CH9" pintype="bidirectional"/>
    </net>
    <net code="18" name="/GPIO11">
      <node ref="J5" pin="17" pinfunction="Pin_17" pintype="passive"/>
      <node ref="U2" pin="17" pinfunction="GPIO11/ADC2_CH0" pintype="bidirectional"/>
    </net>
    <net code="19" name="/GPIO12">
      <node ref="J5" pin="18" pinfunction="Pin_18" pintype="passive"/>
      <node ref="U2" pin="18" pinfunction="GPIO12/ADC2_CH1" pintype="bidirectional"/>
    </net>
    <net code="20" name="/GPIO13">
      <node ref="J5" pin="19" pinfunction="Pin_19" pintype="passive"/>
      <node ref="U2" pin="19" pinfunction="GPIO13/ADC2_CH2" pintype="bidirectional"/>
    </net>
    <net code="21" name="/GPIO14">
      <node ref="J5" pin="20" pinfunction="Pin_20" pintype="passive"/>
      <node ref="U2" pin="20" pinfunction="GPIO14/ADC2_CH3" pintype="bidirectional"/>
    </net>
    <net code="22" name="/GPIO15">
      <node ref="J5" pin="8" pinfunction="Pin_8" pintype="passive"/>
      <node ref="U2" pin="8" pinfunction="GPIO15/ADC2_CH4/32K_P" pintype="bidirectional"/>
    </net>
    <net code="23" name="/GPIO16">
      <node ref="J5" pin="9" pinfunction="Pin_9" pintype="passive"/>
      <node ref="U2" pin="9" pinfunction="GPIO16/ADC2_CH5/32K_N" pintype="bidirectional"/>
    </net>
    <net code="24" name="/GPIO17">
      <node ref="J5" pin="10" pinfunction="Pin_10" pintype="passive"/>
      <node ref="U2" pin="10" pinfunction="GPIO17/ADC2_CH6" pintype="bidirectional"/>
    </net>
    <net code="25" name="/GPIO18">
      <node ref="J5" pin="11" pinfunction="Pin_11" pintype="passive"/>
      <node ref="U2" pin="11" pinfunction="GPIO18/ADC2_CH7" pintype="bidirectional"/>
    </net>
    <net code="26" name="/GPIO19">
      <node ref="J6" pin="20" pinfunction="Pin_20" pintype="passive"/>
      <node ref="U2" pin="25" pinfunction="GPIO19/USB_D-" pintype="bidirectional"/>
    </net>
    <net code="27" name="/GPIO20">
      <node ref="J6" pin="19" pinfunction="Pin_19" pintype="passive"/>
      <node ref="U2" pin="26" pinfunction="GPIO20/USB_D+" pintype="bidirectional"/>
    </net>
    <net code="28" name="/GPIO38">
      <node ref="J6" pin="10" pinfunction="Pin_10" pintype="passive"/>
      <node ref="U2" pin="35" pinfunction="GPIO38" pintype="bidirectional"/>
    </net>
    <net code="29" name="/GPIO39">
      <node ref="J6" pin="9" pinfunction="Pin_9" pintype="passive"/>
      <node ref="U2" pin="36" pinfunction="GPIO39/MTCK" pintype="bidirectional"/>
    </net>
    <net code="30" name="/GPIO40">
      <node ref="J6" pin="8" pinfunction="Pin_8" pintype="passive"/>
      <node ref="U2" pin="37" pinfunction="GPIO40/MTDO" pintype="bidirectional"/>
    </net>
    <net code="31" name="/GPIO41">
      <node ref="J6" pin="7" pinfunction="Pin_7" pintype="passive"/>
      <node ref="U2" pin="38" pinfunction="GPIO41/MTDI" pintype="bidirectional"/>
    </net>
    <net code="32" name="/GPIO42">
      <node ref="J6" pin="6" pinfunction="Pin_6" pintype="passive"/>
      <node ref="U2" pin="39" pinfunction="GPIO42/MTMS" pintype="bidirectional"/>
    </net>
    <net code="33" name="/GPIO45">
      <node ref="J6" pin="15" pinfunction="Pin_15" pintype="passive"/>
      <node ref="U2" pin="30" pinfunction="GPIO45" pintype="bidirectional"/>
    </net>
    <net code="34" name="/GPIO46">
      <node ref="J5" pin="14" pinfunction="Pin_14" pintype="passive"/>
      <node ref="U2" pin="14" pinfunction="GPIO46" pintype="bidirectional"/>
    </net>
    <net code="35" name="/GPIO47">
      <node ref="J6" pin="17" pinfunction="Pin_17" pintype="passive"/>
      <node ref="U2" pin="28" pinfunction="GPIO47" pintype="bidirectional"/>
    </net>
    <net code="36" name="/GPIO48">
      <node ref="J6" pin="16" pinfunction="Pin_16" pintype="passive"/>
      <node ref="U2" pin="29" pinfunction="GPIO48" pintype="bidirectional"/>
    </net>
    <net code="37" name="/LBK">
      <node ref="J6" pin="18" pinfunction="Pin_18" pintype="passive"/>
      <node ref="R3" pin="1" pintype="passive"/>
      <node ref="U2" pin="27" pinfunction="GPIO21" pintype="bidirectional"/>
    </net>
    <net code="38" name="/LED_blue">
      <node ref="J6" pin="11" pinfunction="Pin_11" pintype="passive"/>
      <node ref="R10" pin="1" pintype="passive"/>
      <node ref="U2" pin="34" pinfunction="GPIO37" pintype="bidirectional"/>
    </net>
    <net code="39" name="/LED_green">
      <node ref="J6" pin="13" pinfunction="Pin_13" pintype="passive"/>
      <node ref="R8" pin="1" pintype="passive"/>
      <node ref="U2" pin="32" pinfunction="GPIO35" pintype="bidirectional"/>
    </net>
    <net code="40" name="/LED_red">
      <node ref="J6" pin="12" pinfunction="Pin_12" pintype="passive"/>
      <node ref="R9" pin="1" pintype="passive"/>
      <node ref="U2" pin="33" pinfunction="GPIO36" pintype="bidirectional"/>
    </net>
    <net code="41" name="/RX">
      <node ref="J6" pin="3" pinfunction="Pin_3" pintype="passive"/>
      <node ref="R2" pin="1" pintype="passive"/>
      <node ref="U2" pin="42" pinfunction="GPIO44/U0RXD" pintype="bidirectional"/>
    </net>
    <net code="42" name="/TX">
      <node ref="J6" pin="2" pinfunction="Pin_2" pintype="passive"/>
      <node ref="R1" pin="1" pintype="passive"/>
      <node ref="U2" pin="43" pinfunction="GPIO43/U0TXD" pintype="bidirectional"/>
    </net>
    <net code="43" name="GND">
      <node ref="C1" pin="2" pintype="passive"/>
      <node ref="C10" pin="2" pintype="passive"/>
      <node ref="C11" pin="2" pintype="passive"/>
      <node ref="C12" pin="2" pintype="passive"/>
      <node ref="C13" pin="2" pintype="passive"/>
      <node ref="C14" pin="2" pintype="passive"/>
      <node ref="C15" pin="2" pintype="passive"/>
      <node ref="C16" pin="2" pintype="passive"/>
      <node ref="C2" pin="2" pintype="passive"/>
      <node ref="C3" pin="2" pintype="passive"/>
      <node ref="C4" pin="2" pintype="passive"/>
      <node ref="C5" pin="2" pintype="passive"/>
      <node ref="C6" pin="2" pintype="passive"/>
      <node ref="C7" pin="2" pintype="passive"/>
      <node ref="C8" pin="2" pintype="passive"/>
      <node ref="C9" pin="2" pintype="passive"/>
      <node ref="D1" pin="3" pinfunction="3" pintype="power_in"/>
      <node ref="D2" pin="1" pinfunction="K" pintype="passive"/>
      <node ref="D3" pin="1" pinfunction="K" pintype="passive"/>
      <node ref="D4" pin="1" pinfunction="K" pintype="passive"/>
      <node ref="D5" pin="1" pinfunction="K" pintype="passive"/>
      <node ref="IC1" pin="1" pinfunction="GND" pintype="power_in"/>
      <node ref="IC2" pin="1" pinfunction="GND" pintype="power_in"/>
      <node ref="J1" pin="2" pinfunction="Pin_2" pintype="passive"/>
      <node ref="J2" pin="2" pinfunction="Pin_2" pintype="passive"/>
      <node ref="J2" pin="4" pinfunction="Pin_4" pintype="passive"/>
      <node ref="J2" pin="6" pinfunction="Pin_6" pintype="passive"/>
      <node ref="J3" pin="1" pinfunction="1" pintype="passive"/>
      <node ref="J4" pin="3" pinfunction="3" pintype="passive"/>
      <node ref="J4" pin="6" pinfunction="6" pintype="passive"/>
      <node ref="J5" pin="22" pinfunction="Pin_22" pintype="passive"/>
      <node ref="J6" pin="1" pinfunction="Pin_1" pintype="passive"/>
      <node ref="J6" pin="21" pinfunction="Pin_21" pintype="passive"/>
      <node ref="J6" pin="22" pinfunction="Pin_22" pintype="passive"/>
      <node ref="R4" pin="1" pintype="passive"/>
      <node ref="U1" pin="2" pinfunction="GND" pintype="power_in"/>
      <node ref="U2" pin="22" pinfunction="GND" pintype="power_in"/>
      <node ref="U2" pin="23" pinfunction="GND" pintype="power_in"/>
      <node ref="U2" pin="24" pinfunction="GND" pintype="power_in"/>
      <node ref="U2" pin="44" pinfunction="GND" pintype="power_in"/>
    </net>
    <net code="44" name="Net-(C12-Pad1)">
      <node ref="C12" pin="1" pintype="passive"/>
      <node ref="R5" pin="1" pintype="passive"/>
      <node ref="R6" pin="1" pintype="passive"/>
    </net>
    <net code="45" name="Net-(D2-A)">
      <node ref="D2" pin="2" pinfunction="A" pintype="passive"/>
      <node ref="R7" pin="2" pintype="passive"/>
    </net>
    <net code="46" name="Net-(D3-A)">
      <node ref="D3" pin="2" pinfunction="A" pintype="passive"/>
      <node ref="R8" pin="2" pintype="passive"/>
    </net>
    <net code="47" name="Net-(D4-A)">
      <node ref="D4" pin="2" pinfunction="A" pintype="passive"/>
      <node ref="R9" pin="2" pintype="passive"/>
    </net>
    <net code="48" name="Net-(D5-A)">
      <node ref="D5" pin="2" pinfunction="A" pintype="passive"/>
      <node ref="R10" pin="2" pintype="passive"/>
    </net>
    <net code="49" name="Net-(IC1-VIN)">
      <node ref="C3" pin="1" pintype="passive"/>
      <node ref="C4" pin="1" pintype="passive"/>
      <node ref="F1" pin="2" pinfunction="2" pintype="passive"/>
      <node ref="IC1" pin="3" pinfunction="VIN" pintype="input"/>
    </net>
    <net code="50" name="Net-(IC2-VIN)">
      <node ref="C5" pin="1" pintype="passive"/>
      <node ref="C6" pin="1" pintype="passive"/>
      <node ref="F2" pin="2" pinfunction="2" pintype="passive"/>
      <node ref="IC2" pin="3" pinfunction="VIN" pintype="input"/>
    </net>
    <net code="51" name="Net-(JP1-B)">
      <node ref="F2" pin="1" pinfunction="1" pintype="passive"/>
      <node ref="JP1" pin="2" pinfunction="B" pintype="passive"/>
    </net>
    <net code="52" name="Net-(JP3-A)">
      <node ref="C10" pin="1" pintype="passive"/>
      <node ref="C9" pin="1" pintype="passive"/>
      <node ref="D1" pin="2" pinfunction="2" pintype="passive"/>
      <node ref="FL1" pin="2" pinfunction="2" pintype="passive"/>
      <node ref="FL1" pin="3" pinfunction="3" pintype="passive"/>
      <node ref="J4" pin="7" pinfunction="7" pintype="passive"/>
      <node ref="JP3" pin="1" pinfunction="A" pintype="passive"/>
      <node ref="U1" pin="7" pinfunction="CANH" pintype="bidirectional"/>
    </net>
    <net code="53" name="Net-(JP3-B)">
      <node ref="JP3" pin="2" pinfunction="B" pintype="passive"/>
      <node ref="R5" pin="2" pintype="passive"/>
    </net>
    <net code="54" name="Net-(JP5-A)">
      <node ref="JP5" pin="1" pinfunction="A" pintype="passive"/>
      <node ref="R6" pin="2" pintype="passive"/>
    </net>
    <net code="55" name="Net-(JP5-B)">
      <node ref="C13" pin="1" pintype="passive"/>
      <node ref="C14" pin="1" pintype="passive"/>
      <node ref="D1" pin="1" pinfunction="1" pintype="passive"/>
      <node ref="FL1" pin="1" pinfunction="1" pintype="passive"/>
      <node ref="FL1" pin="4" pinfunction="4" pintype="passive"/>
      <node ref="J4" pin="2" pinfunction="2" pintype="passive"/>
      <node ref="JP5" pin="2" pinfunction="B" pintype="passive"/>
      <node ref="U1" pin="6" pinfunction="CANL" pintype="bidirectional"/>
    </net>
    <net code="56" name="Net-(U1-D)">
      <node ref="C11" pin="1" pintype="passive"/>
      <node ref="R1" pin="2" pintype="passive"/>
      <node ref="U1" pin="1" pinfunction="D" pintype="input"/>
    </net>
    <net code="57" name="Net-(U1-LBK)">
      <node ref="R3" pin="2" pintype="passive"/>
      <node ref="U1" pin="5" pinfunction="LBK" pintype="input"/>
    </net>
    <net code="58" name="Net-(U1-R)">
      <node ref="R2" pin="2" pintype="passive"/>
      <node ref="U1" pin="4" pinfunction="R" pintype="output"/>
    </net>
    <net code="59" name="Net-(U1-Rs)">
      <node ref="R4" pin="2" pintype="passive"/>
      <node ref="U1" pin="8" pinfunction="Rs" pintype="input"/>
    </net>
    <net code="60" name="unconnected-(J3-Pad3)">
      <node ref="J3" pin="3" pinfunction="3" pintype="passive+no_connect"/>
    </net>
    <net code="61" name="unconnected-(J4-Pad1)">
      <node ref="J4" pin="1" pinfunction="1" pintype="passive+no_connect"/>
    </net>
    <net code="62" name="unconnected-(J4-Pad4)">
      <node ref="J4" pin="4" pinfunction="4" pintype="passive+no_connect"/>
    </net>
    <net code="63" name="unconnected-(J4-Pad5)">
      <node ref="J4" pin="5" pinfunction="5" pintype="passive+no_connect"/>
    </net>
    <net code="64" name="unconnected-(J4-Pad8)">
      <node ref="J4" pin="8" pinfunction="8" pintype="passive+no_connect"/>
    </net>
    <net code="65" name="unconnected-(J4-PadMH1)">
      <node ref="J4" pin="MH1" pinfunction="MH1" pintype="passive+no_connect"/>
    </net>
    <net code="66" name="unconnected-(J4-PadMH2)">
      <node ref="J4" pin="MH2" pinfunction="MH2" pintype="passive+no_connect"/>
    </net>
    <net code="67" name="unconnected-(JP4-A-Pad1)">
      <node ref="JP4" pin="1" pinfunction="A" pintype="passive"/>
    </net>
    <net code="68" name="unconnected-(JP4-B-Pad3)">
      <node ref="JP4" pin="3" pinfunction="B" pintype="passive"/>
    </net>
    <net code="69" name="unconnected-(JP4-C-Pad2)">
      <node ref="JP4" pin="2" pinfunction="C" pintype="passive"/>
    </net>
  </nets>
</export>
